timestamp,open,high,low,close,adjusted close,volume,dividend amount
2026-09-03,82.4700,82.5300,81.7450,82.0700,82.0700,102437585,0.3147
2026-08-28,82.4900,83.5987,82.4500,82.8800,82.5627,137884038,0.0000
2026-08-21,81.7700,83.0600,81.1700,82.0500,81.7358,171743253,0.0000
2026-08-14,82.4000,83.0000,81.8200,82.0400,81.7259,139753010,0.0000
2026-08-07,82.2400,83.1500,82.0100,82.7600,82.4431,223621737,0.3305
2026-07-31,83.7300,84.3400,81.8900,82.2500,81.6070,181398161,0.0000
2026-07-24,84.3100,84.3400,82.9600,83.2500,82.5991,98823710,0.0000
2026-07-17,84.1850,84.8200,83.7900,84.5200,83.8592,103257204,0.0000
2026-07-10,85.4300,85.4800,84.0601,84.4700,83.8096,101643414,0.0000
2026-07-02,87.3550,87.5400,85.3700,85.5100,84.8415,99603657,0.3180
2026-06-26,86.3000,87.7900,85.9700,87.3600,86.3559,139620747,0.0000
2026-06-18,85.9600,87.1750,85.6700,86.7500,85.7529,110963601,0.0000
2026-06-12,85.2300,86.0400,84.6200,85.7700,84.7841,125090157,0.0000
2026-06-05,84.9300,85.8200,84.8000,85.0600,84.0823,104341066,0.3360
2026-05-29,85.3350,85.9600,84.9000,85.7600,84.4423,104656638,0.0000
2026-05-22,83.7000,84.6800,82.7700,84.6800,83.3789,158326707,0.0000
2026-05-15,85.8800,85.9150,83.5900,83.6600,82.3746,147732516,0.0000
2026-05-08,85.3500,86.2900,84.7600,86.0800,84.7574,119959130,0.0000
2026-05-01,86.4890,86.6200,85.3400,85.6100,84.2946,112621671,0.3153
2026-04-24,87.1100,87.1550,86.2400,86.7100,85.0644,91491394,0.0000
2026-04-17,86.4400,87.2400,86.2000,87.0700,85.4175,94051441,0.0000
2026-04-10,86.5000,87.3700,85.9100,86.4900,84.8485,91809282,0.0000
2026-04-02,86.6300,87.1600,86.1507,86.7900,85.1428,148053511,0.3448
2026-03-27,86.1800,86.8800,85.4500,85.6400,83.6802,238812872,0.0000
2026-03-20,87.1750,87.7250,85.7600,85.8300,83.8659,233772080,0.0000
2026-03-13,88.2950,89.3150,86.4700,86.5400,84.5596,248247082,0.0000
2026-03-06,89.9750,89.9900,88.0150,88.4600,86.4357,258291313,0.3006
2026-02-27,89.5500,90.8600,89.5300,90.8200,88.4449,162893369,0.0000
2026-02-20,89.9300,90.1200,88.9300,89.4100,87.0718,146041552,0.0000
2026-02-13,87.2000,89.8100,87.0300,89.7200,87.3737,204216618,0.0000
2026-02-06,87.0200,87.5400,86.4284,87.5400,85.2507,187103135,0.3319
2026-01-30,88.3950,88.4900,87.0800,87.1300,84.5273,202250719,0.0000
2026-01-23,86.6300,88.0284,86.5407,87.9300,85.3034,195462461,0.0000
2026-01-16,87.5000,88.6600,87.4100,87.8000,85.1773,190159286,0.0000
2026-01-09,87.1800,88.0050,86.9000,87.9300,85.3034,194677813,0.0000
2026-01-02,87.9500,88.0703,87.0201,87.0300,84.4303,131737894,0.0000
2025-12-26,87.4150,88.1699,87.0300,87.7400,85.1191,111635933,0.0000
2025-12-19,87.7150,88.3800,87.1700,87.5500,84.9348,171205746,0.3424
2025-12-12,88.1850,88.8300,87.1900,87.3400,84.4009,178424888,0.0000
2025-12-05,88.8450,89.1550,88.0450,88.1700,85.2030,156320435,0.3206
2025-11-28,89.9500,90.6400,89.7801,90.2100,86.8606,142172286,0.0000
2025-11-21,89.0800,89.6700,88.8000,89.5000,86.1769,158239230,0.0000
2025-11-14,89.4900,90.3200,88.8700,88.8700,85.5703,139007094,0.0000
2025-11-07,89.6200,90.0600,88.8800,89.5700,86.2443,173185924,0.3251
2025-10-31,91.3200,92.1750,90.2000,90.2900,86.6238,174046167,0.0000
2025-10-24,91.4600,92.1850,91.1600,91.4700,87.7559,139980906,0.0000
2025-10-17,90.2800,91.4950,89.8600,91.2000,87.4968,169040990,0.0000
2025-10-10,88.7100,90.7200,88.6500,90.6200,86.9404,160948637,0.0000
2025-10-03,89.2900,90.0400,89.0900,89.3800,85.7507,159371881,0.3104
2025-09-26,88.8200,89.4700,88.4600,88.9000,84.9947,140382772,0.0000
2025-09-19,90.1500,91.0400,88.7850,89.0200,85.1094,188963237,0.0000
2025-09-12,89.1700,90.4800,88.9900,89.9500,85.9986,212041646,0.0000
2025-09-05,85.6300,88.6100,85.4800,88.5600,84.6696,211289300,0.3281
2025-08-29,86.7250,87.2600,86.0000,86.6000,82.4797,169306397,0.0000
2025-08-22,86.5000,87.3020,85.9850,87.0500,82.9083,159986355,0.0000
2025-08-15,87.5400,87.8100,86.2500,86.4000,82.2892,161746599,0.0000
2025-08-08,87.9550,88.4500,86.9200,87.2900,83.1369,158410102,0.0000
2025-08-01,85.9900,87.9300,85.8300,87.8200,83.6417,228560209,0.3308
2025-07-25,86.2150,86.7700,85.5100,86.4300,82.0089,158579219,0.0000
2025-07-18,85.5400,85.9100,84.1900,85.2400,80.8798,190462604,0.0000
2025-07-11,86.5400,87.0600,85.4400,85.7900,81.4016,164833878,0.0000
2025-07-03,87.8600,88.4350,86.8500,86.9700,82.5213,158767095,0.3283
2025-06-27,86.9300,88.1600,86.4250,87.3900,82.6121,201617247,0.0000
2025-06-20,86.0800,87.0900,85.4600,86.4900,81.7613,135609085,0.0000
2025-06-13,85.0400,87.2000,85.0350,86.3300,81.6100,180144367,0.0000
2025-06-06,85.2900,86.9300,84.7900,85.3500,80.6836,213231262,0.3195
2025-05-30,85.3500,86.4700,84.9700,86.2800,81.2579,179625872,0.0000
2025-05-23,84.9100,86.1160,83.2950,84.5500,79.6286,270795105,0.0000
2025-05-16,86.3800,86.8900,85.2000,86.3000,81.2767,219373167,0.0000
2025-05-09,87.3450,88.2100,86.6400,87.0500,81.9831,109627936,0.0000
2025-05-02,88.6550,90.2100,87.5400,87.7300,82.6235,146913799,0.3276
2025-04-25,86.6000,89.1050,85.9800,88.8900,83.4079,162682164,0.0000
2025-04-17,87.4000,88.5000,86.8150,87.5300,82.1317,127516031,0.0000
2025-04-11,91.8800,92.1900,85.0000,86.8900,81.5312,503609076,0.0000
2025-04-04,91.2300,94.0900,90.3600,92.8500,87.1236,272374365,0.3256
2025-03-28,90.2000,90.3400,88.6300,90.1400,84.2808,139028644,0.0000
2025-03-21,90.8000,92.2400,90.1200,90.7000,84.8044,146571636,0.0000
2025-03-14,91.0800,91.6300,89.3750,90.1700,84.3089,177814494,0.0000
2025-03-07,91.4100,92.7900,89.7337,90.1100,84.2528,229573178,0.2898
2025-02-28,89.3300,92.4750,89.2600,92.4300,86.1523,211325400,0.0000
2025-02-21,88.5400,89.9300,87.8850,89.6100,83.5238,124839268,0.0000
2025-02-14,89.2640,89.6800,86.8601,89.1500,83.0950,162964123,0.0000
2025-02-07,88.5750,90.1750,87.4800,89.2700,83.2069,206083553,0.3123
2025-01-31,88.1550,88.7050,87.4300,87.7600,81.5107,167633424,0.0000
2025-01-24,87.8900,88.1700,86.5250,87.2200,81.0092,108886395,0.0000
2025-01-17,85.5300,87.4800,84.8900,87.1900,80.9813,185319203,0.0000
2025-01-10,87.0500,87.2300,85.1600,85.4600,79.3745,163695284,0.0000
2025-01-03,87.8300,88.2800,87.1800,87.2900,81.0742,130240433,0.0000
2024-12-27,88.1600,88.2300,86.9800,87.1000,80.8977,102400725,0.0000
2024-12-20,90.5500,90.9850,87.5050,88.3100,82.0216,253276306,0.3510
2024-12-13,93.9900,94.0400,90.0800,90.1500,83.4022,182818799,0.0000
2024-12-06,93.2700,94.8500,92.5400,94.3900,87.3248,163483335,0.3250
2024-11-29,92.2000,93.9900,91.8100,93.9700,86.6363,159328187,0.0000
2024-11-22,89.6600,91.0700,89.4240,90.3900,83.3357,143312489,0.0000
2024-11-15,92.2500,92.2950,89.5100,90.0800,83.0499,256337443,0.0000
2024-11-08,92.2800,92.9000,89.5545,92.4900,85.2718,308606910,0.0000
2024-11-01,92.2700,93.2850,90.8000,90.8400,83.7505,254228470,0.3105
2024-10-25,93.0200,93.0900,91.6601,92.1400,84.6597,176130291,0.0000
2024-10-18,93.0400,95.6200,92.9800,93.8700,86.2492,176191726,0.0000
2024-10-11,94.9800,95.2672,93.4100,93.7000,86.0930,193197682,0.0000
2024-10-04,98.6400,99.3300,95.4000,95.5500,87.7928,211921308,0.3158
2024-09-27,98.5000,99.0900,97.4200,98.5700,90.2782,165097462,0.0000
2024-09-20,100.6300,101.6400,98.7200,98.8800,90.5622,188510067,0.0000
2024-09-13,99.4000,101.2350,99.1600,100.4100,91.9634,165696527,0.0000
2024-09-06,97.5600,100.7800,97.4200,99.5600,91.1849,194587420,0.3128
2024-08-30,98.6900,98.6975,96.4700,96.4900,88.0913,131092204,0.0000
2024-08-23,97.4200,99.2000,97.4050,98.3900,89.8259,145250354,0.0000
2024-08-16,96.0300,98.1600,95.8800,97.4400,88.9586,153227041,0.0000
2024-08-09,99.6900,99.9350,94.8400,96.2600,87.8813,273297836,0.0000
2024-08-02,93.6700,98.3700,93.2200,98.2800,89.7255,270583637,0.3149
2024-07-26,93.4000,93.5200,91.4700,92.9900,84.6164,189838316,0.0000
2024-07-19,93.0000,94.4000,92.7800,92.9200,84.5527,170057156,0.0000
2024-07-12,92.5400,94.1350,91.8700,93.9400,85.4809,147530517,0.0000
2024-07-05,90.4200,92.7250,89.8200,92.5600,84.2252,154398920,0.2911
2024-06-28,94.0500,94.5500,91.7800,91.7800,83.2459,196848552,0.0000
2024-06-21,93.5200,94.6000,93.2800,93.9600,85.2232,110998396,0.0000
2024-06-14,91.0000,94.8400,90.6500,94.6700,85.8671,155347502,0.0000
2024-06-07,90.6400,93.4300,90.6100,91.5000,82.9919,186139751,0.3083
2024-05-31,91.3300,91.3600,88.6800,90.4500,81.7643,162362605,0.0000
2024-05-24,91.0800,91.8000,90.8200,91.3800,82.6050,141790042,0.0000
2024-05-17,90.5500,92.4205,90.3100,91.3900,82.6141,176704209,0.0000
2024-05-10,89.8700,91.2400,89.6700,90.1200,81.4660,147086157,0.0000
2024-05-03,88.6600,90.1200,88.0250,89.8400,81.2129,248954263,0.3077
2024-04-26,88.6800,89.5400,87.3400,88.2400,79.4903,182050986,0.0000
2024-04-19,89.2200,89.3900,87.7850,89.1500,80.3101,247709519,0.0000
2024-04-12,91.2300,92.3600,89.5100,90.2900,81.3371,256370854,0.0000
2024-04-05,93.2900,93.3000,91.0500,91.3900,82.3280,222319056,0.3124
2024-03-28,93.7070,95.0200,93.2813,94.6200,84.9509,143133000,0.0000
2024-03-22,92.7300,94.2100,92.2900,93.9800,84.3763,164471678,0.0000
2024-03-15,95.9600,96.0100,92.7850,92.9400,83.4426,178198160,0.0000
2024-03-08,93.7000,96.4000,93.6800,95.7300,85.9475,166255924,0.0000
2024-03-01,94.0000,94.5100,92.8450,94.4700,84.8163,189542577,0.2952
2024-02-23,92.7900,93.9990,92.0063,93.8700,84.0150,144470942,0.0000
2024-02-16,93.9000,94.1400,92.2300,92.7600,83.0216,204565549,0.0000
2024-02-09,94.6300,95.2300,93.6550,93.8500,83.9971,205398040,0.0000
2024-02-02,94.3100,98.6700,94.1200,96.0700,85.9841,307156156,0.3101
2024-01-26,94.8200,95.0800,93.1000,93.7800,83.6703,212093071,0.0000
2024-01-19,95.6200,95.7900,93.2600,94.0900,83.9469,241593479,0.0000
2024-01-12,96.2300,97.3800,95.7100,96.5200,86.1150,239830435,0.0000
2024-01-05,98.2293,98.8500,96.2100,96.2900,85.9098,204419096,0.0000
2023-12-29,98.5400,100.5700,98.4800,98.8800,88.2206,145839474,0.0000
2023-12-22,98.5000,99.8400,98.0200,98.4750,87.8592,209841899,0.0000
2023-12-15,94.0100,99.3500,93.5300,99.1500,88.4614,289474988,0.3105
2023-12-08,92.4900,96.0800,92.0900,94.5400,84.0848,261499727,0.0000
2023-12-01,90.3000,93.0599,90.2050,92.9900,82.7062,271134638,0.2889
2023-11-24,89.6200,91.3200,89.6100,89.8000,79.6216,119653739,0.0000
2023-11-17,87.2200,90.4250,86.9000,90.0400,79.8344,241108126,0.0000
2023-11-10,87.0700,89.6200,86.6000,87.9900,78.0167,258638563,0.0000
2023-11-03,83.8100,89.0500,83.2400,87.6300,77.6975,302036224,0.2863
2023-10-27,82.8100,85.3500,82.4200,84.3700,74.5562,259961634,0.0000
2023-10-20,86.1900,86.3700,82.7400,83.2400,73.5577,294869185,0.0000
2023-10-13,85.5000,88.4700,84.9500,87.6100,77.4194,253876275,0.0000
2023-10-06,87.8200,87.9300,84.0600,84.7900,74.9274,270895116,0.2800
2023-09-29,89.6600,90.0400,87.1000,88.6900,78.1221,240051397,0.0000
2023-09-22,92.8500,93.6000,90.6700,91.4300,80.5356,161851294,0.0000
2023-09-15,93.7000,94.5301,92.9600,92.9600,81.8833,113871616,0.0000
2023-09-08,94.2800,94.9000,93.4600,94.3700,83.1253,88190563,0.0000
2023-09-01,95.6500,97.0500,94.6200,94.8500,83.5481,121494912,0.2886
2023-08-25,92.6600,95.5500,92.2300,95.2200,83.6196,135037876,0.0000
2023-08-18,95.2100,95.9300,93.0200,93.7700,82.3462,122700217,0.0000
2023-08-11,96.1100,97.3700,95.2000,95.3700,83.7513,144031235,0.0000
2023-08-04,99.6500,100.3300,94.5350,96.5300,84.7700,203293277,0.2753
2023-07-28,101.9850,102.1500,98.9100,99.8100,87.4052,126246282,0.0000
2023-07-21,101.2300,102.9800,100.9200,101.7300,89.0866,139042113,0.0000
2023-07-14,98.8600,101.9700,98.8500,101.2900,88.7013,128094776,0.0000
2023-07-07,102.8400,103.2550,98.9850,99.0800,86.7660,114554309,0.2777
2023-06-30,103.6200,103.9500,101.4500,102.9400,89.9016,127943957,0.0000
2023-06-23,103.1100,103.9500,102.2000,103.3300,90.2423,83419382,0.0000
2023-06-16,102.2400,103.6300,100.9650,102.6000,89.6047,116520282,0.0000
2023-06-09,101.3500,102.4700,100.7800,101.9200,89.0108,100013612,0.0000
2023-06-02,101.4000,103.6300,101.2500,101.9900,89.0720,87044723,0.2730
2023-05-26,101.2500,101.7100,100.0000,101.0900,88.0528,99877013,0.0000
2023-05-19,103.3900,103.4700,100.9300,101.1000,88.0615,125252522,0.0000
2023-05-12,103.5150,105.5200,103.0000,104.2700,90.8227,96002114,0.0000
2023-05-05,105.2700,106.6000,102.8400,104.8900,91.3627,126408149,0.2680
2023-04-28,104.9600,107.2400,104.6100,106.4600,92.4899,105686547,0.0000
2023-04-21,104.4200,105.4600,103.4750,104.4000,90.7002,83195300,0.0000
2023-04-14,107.6400,107.7618,104.7700,105.0800,91.2910,95549930,0.0000
2023-04-06,105.8800,108.8700,105.7000,108.5300,94.2883,75782260,0.2688
2023-03-31,105.0500,106.5600,103.6000,106.3700,92.1793,96535730,0.0000
2023-03-24,106.8800,107.4300,104.4400,106.8500,92.5953,118698899,0.0000
2023-03-17,108.2000,109.1000,103.7500,106.8500,92.5953,216316871,0.0000
2023-03-10,102.2200,105.6939,100.8800,105.5900,91.5034,125452532,0.0000
2023-03-03,101.2900,101.9000,98.8800,101.8900,88.2970,102811454,0.2498
2023-02-24,101.0050,102.5900,100.2800,100.9700,87.2825,75126052,0.0000
2023-02-17,103.7100,104.8300,100.9650,102.3800,88.5014,82970421,0.0000
2023-02-10,105.7500,106.6200,103.1150,103.3900,89.3745,84071677,0.0000
2023-02-03,106.4600,109.3520,105.8700,106.7000,92.2358,90638702,0.2755
2023-01-27,105.5700,107.9050,105.3900,106.7100,92.0101,68680063,0.0000
2023-01-20,105.6700,108.7700,105.6500,106.2000,91.5704,89357637,0.0000
2023-01-13,104.4100,107.8100,103.5000,106.7500,92.0446,110591793,0.0000
2023-01-06,102.2000,105.3000,100.8400,105.1800,90.6909,89236288,0.0000
2022-12-30,100.4900,101.0700,99.3500,99.5600,85.8451,81181759,0.0000
2022-12-23,105.8300,105.8400,102.0225,102.1600,88.0869,97621354,0.0000
2022-12-16,107.8600,109.1200,106.2600,107.1100,92.3550,101363105,0.2611
2022-12-09,105.8400,109.6800,104.9000,106.3300,91.4620,111710387,0.0000
2022-12-02,103.6100,107.1000,101.3700,107.0900,92.1158,130363627,0.2442
2022-11-25,100.6900,103.2500,99.8000,102.9000,88.3077,66357788,0.0000
2022-11-18,97.9100,101.4500,97.0900,99.6400,85.5100,108305436,0.0000
2022-11-11,94.8000,98.4300,93.2400,97.8900,84.0082,111844817,0.0000
2022-11-04,96.3600,97.6300,94.2200,94.2200,80.8586,119211156,0.2356
2022-10-28,92.8200,97.9000,91.8500,96.8000,82.8710,129914577,0.0000
2022-10-21,99.2900,99.6600,92.2600,93.1700,79.7633,133048104,0.0000
2022-10-14,100.5000,100.9000,98.2500,98.5700,84.3863,119372256,0.0000
2022-10-07,103.8500,104.6800,100.4700,100.9900,86.4580,90283505,0.2441
2022-09-30,105.3600,105.4100,100.9000,102.4500,87.5022,144609951,0.0000
2022-09-23,106.9600,108.0400,104.5600,105.7000,90.2780,106367204,0.0000
2022-09-16,108.6300,108.8900,106.2400,107.0700,91.4482,79207661,0.0000
2022-09-09,108.9000,109.5200,107.4200,108.3100,92.5072,68845787,0.0000
2022-09-02,112.9400,113.5100,108.9400,110.2200,94.1386,77716063,0.2361
2022-08-26,112.8600,113.9900,110.8600,113.6200,96.8339,82436129,0.0000
2022-08-19,116.3300,116.7450,112.7400,113.0400,96.3395,61298156,0.0000
2022-08-12,117.6400,118.9100,114.0900,115.5500,98.4787,73208423,0.0000
2022-08-05,118.2500,120.6900,115.8900,116.4700,99.2628,83097282,0.2130
2022-07-29,116.7100,119.3050,116.4700,117.4300,99.9037,87423445,0.0000
2022-07-22,115.2500,119.2700,113.6600,118.5500,100.8565,66702530,0.0000
2022-07-15,113.7900,116.8200,113.4500,116.1400,98.8062,84469665,0.0000
2022-07-08,116.8900,117.7500,112.0500,112.5000,95.7095,65303027,0.0000
2022-07-01,111.2200,117.5900,110.8700,115.8200,98.5340,86347550,0.2269
2022-06-24,110.0900,115.1650,109.8128,112.5600,95.5732,80198085,0.0000
2022-06-17,111.4900,112.8300,108.1150,112.0800,95.1657,131718509,0.0000
2022-06-10,115.1500,115.7750,112.9650,113.7700,96.6006,84014479,0.0000
2022-06-03,117.1800,117.3400,114.8700,116.0300,98.5196,69100947,0.2074
2022-05-27,117.7050,119.7370,116.5400,119.0800,100.9291,79827618,0.0000
2022-05-20,116.2100,119.0200,114.3600,118.5100,100.4460,92146994,0.0000
2022-05-13,112.8600,118.8900,112.6200,115.9800,98.3017,141775860,0.0000
2022-05-06,117.8600,119.3100,113.3100,113.6700,96.3438,157146123,0.2031
2022-04-29,121.3800,123.0300,119.1050,119.4500,101.0675,109244032,0.0000
2022-04-22,120.8700,121.9650,118.6700,119.9900,101.5244,118936418,0.0000
2022-04-14,123.9200,124.3000,120.3800,120.7500,102.1675,104608904,0.0000
2022-04-08,131.9300,131.9800,124.2600,125.1200,105.8650,110805117,0.0000
2022-04-01,129.3900,132.9600,129.0400,132.3800,112.0077,96678327,0.2017
2022-03-25,131.2800,131.6700,127.6500,128.6600,108.6946,110920562,0.0000
2022-03-18,132.7000,133.5350,130.3200,133.4400,112.7328,141054869,0.0000
2022-03-11,139.1200,140.6400,133.7200,134.9100,113.9747,113314037,0.0000
2022-03-04,138.4300,142.3300,136.4100,140.2400,118.4776,138383340,0.1847
2022-02-25,137.6900,139.3700,136.1800,136.8700,115.4796,80461929,0.0000
2022-02-18,137.1300,138.3700,134.5100,138.2300,116.6270,99862620,0.0000
2022-02-11,138.9100,139.3700,135.3600,138.2500,116.6439,117687275,0.0000
2022-02-04,142.1800,143.5700,138.7800,139.0100,117.2851,94052868,0.1981
2022-01-28,144.3000,144.3650,140.4900,143.1300,120.5926,98588554,0.0000
2022-01-21,140.9600,144.1000,140.0200,143.6300,121.0139,79896865,0.0000
2022-01-14,141.6500,144.4200,141.3600,142.1000,119.7248,90666230,0.0000
2022-01-07,146.4100,146.9400,141.5600,142.2600,119.8596,114521607,0.0000
2021-12-31,148.4600,149.7800,146.4100,148.1900,124.8559,52496452,0.0000
2021-12-23,150.7500,151.0200,147.6200,148.5200,125.1339,57641951,0.0000
2021-12-17,150.3900,151.3050,148.7300,150.8300,127.0802,94032361,0.1676
2021-12-10,154.0500,154.3500,148.3600,148.8600,125.2796,118517579,0.0000
2021-12-03,148.3100,155.1200,148.1700,154.3500,129.8999,137735475,0.1842
2021-11-26,147.4000,150.6800,144.5000,150.5300,126.5321,64423096,0.0000
2021-11-19,146.8900,148.5950,144.4600,148.3600,124.7080,67549826,0.0000
2021-11-12,148.9600,151.7670,146.7600,147.3300,123.8423,81503204,0.0000
2021-11-05,145.8000,149.5800,145.5300,149.3000,125.4982,85888035,0.1882
2021-10-29,143.6700,148.3300,143.6300,147.6900,123.9855,80486230,0.0000
2021-10-22,145.0000,146.0000,142.2300,144.1300,120.9969,64454954,0.0000
2021-10-15,141.6000,145.9600,141.4500,145.0300,121.7524,73529331,0.0000
2021-10-08,144.6700,145.4600,141.5250,141.8800,119.1080,101497581,0.0000
2021-10-01,146.0600,146.8700,143.6400,145.3500,122.0211,112366508,0.1831
2021-09-24,150.5700,151.7900,146.7350,146.9100,123.1755,91031221,0.0000
2021-09-17,149.0420,151.5700,148.7000,149.1700,125.0704,74007009,0.0000
2021-09-10,147.2620,149.8900,146.6550,148.4000,124.4248,65301239,0.0000
2021-09-03,148.9900,150.0900,147.9400,148.1800,124.2404,59360044,0.1893
2021-08-27,150.2000,150.4950,147.5100,149.4600,125.1544,73236960,0.0000
2021-08-20,149.1900,150.8100,148.4500,150.5500,126.0671,74305414,0.0000
2021-08-13,148.1520,148.5600,145.4300,148.5500,124.3924,77227571,0.0000
2021-08-06,149.4540,151.8200,147.6909,147.7800,123.7476,89352197,0.1817
2021-07-30,148.9950,149.7200,147.8800,149.5200,125.0538,63985249,0.0000
2021-07-23,150.9500,152.7100,146.6700,148.5000,124.2007,116643762,0.0000
2021-07-16,147.0900,148.6000,144.6400,148.2100,123.9582,81239978,0.0000
2021-07-09,145.7200,149.4400,145.7150,146.5300,122.5531,72973034,0.0000
2021-07-02,142.7200,145.0400,142.7000,145.0400,121.3069,58848057,0.1875
2021-06-25,144.3900,144.4900,141.3700,142.0100,118.6184,67407516,0.0000
2021-06-18,142.1000,146.0400,140.2100,145.7300,121.7257,109117722,0.0000
2021-06-11,139.5900,142.5600,139.3250,142.3100,118.8690,60144472,0.0000
2021-06-04,137.8200,139.9000,137.2500,139.9000,116.8560,45894371,0.1993
2021-05-28,137.9900,139.9100,137.8900,138.4400,115.4700,49830240,0.0000
2021-05-21,136.8300,137.7000,135.6200,137.6700,114.8277,55315219,0.0000
2021-05-14,138.9500,139.2500,135.3600,137.0800,114.3356,81805756,0.0000
2021-05-07,138.7000,140.6000,138.2800,139.2300,116.1289,86470606,0.2031
2021-04-30,140.1500,140.5100,137.1250,138.6400,115.4675,71375101,0.0000
2021-04-23,138.7400,140.4700,138.4300,140.0600,116.6502,63724444,0.0000
2021-04-16,137.4600,140.9800,137.1000,139.2600,115.9839,67320071,0.0000
2021-04-09,136.5500,138.1900,135.9400,137.5100,114.5264,45144069,0.0000
2021-04-01,136.8300,137.6200,134.9700,137.5100,114.5264,63146089,0.1851
2021-03-26,135.6900,138.6550,135.3700,136.6600,113.6655,76894204,0.0000
2021-03-19,136.4900,137.1200,133.1900,134.7500,112.0769,94349023,0.0000
2021-03-12,138.8300,140.1500,135.6500,136.0600,113.1664,76641095,0.0000
2021-03-05,140.6600,141.4100,137.9600,138.9100,115.5369,97260985,0.1717
2021-02-26,143.0300,143.7400,136.6100,143.1200,118.8938,140165166,0.0000
2021-02-19,145.2200,146.3800,142.8517,143.2700,119.0184,52470815,0.0000
2021-02-12,148.3000,149.7900,147.0300,147.1100,122.2084,50053019,0.0000
2021-02-05,151.6600,152.3600,148.0200,148.0300,122.9727,45479933,0.1758
2021-01-29,152.7600,154.5000,151.3000,152.0000,126.1248,49932176,0.0000
2021-01-22,151.6200,152.4800,151.1000,151.8800,126.0252,32616383,0.0000
2021-01-15,151.0000,153.0700,149.9250,151.8200,125.9754,59294510,0.0000
2021-01-08,156.6700,158.1800,150.6600,151.3200,125.5606,74712921,0.0000
2020-12-31,156.3800,158.0800,156.0950,157.7300,130.8794,33657703,0.0000
2020-12-24,157.2000,157.8300,155.4600,157.2900,130.5143,28750437,0.0000
2020-12-18,157.4900,158.6900,156.1800,156.3300,129.7177,40265709,0.1639
2020-12-11,156.3500,159.3900,156.0150,158.7700,131.6047,42624651,0.0000
2020-12-04,160.0300,160.5300,154.7700,155.2000,128.6456,61199137,0.1630
2020-11-27,160.8200,160.9900,158.6200,160.2200,132.6693,36047581,0.0000
2020-11-20,157.7300,161.5400,157.6100,161.5100,133.7375,41958984,0.0000
2020-11-13,155.9700,158.5000,154.6250,158.1600,130.9636,65041350,0.0000
2020-11-06,158.7000,162.1700,157.0400,159.4100,131.9986,79555986,0.1695
2020-10-30,159.2100,161.4600,157.5700,157.5700,130.3358,50083768,0.0000
2020-10-23,160.5000,160.9800,156.7500,158.0100,130.6997,52379658,0.0000
2020-10-16,160.4300,163.1900,160.1100,161.3900,133.4955,36710530,0.0000
2020-10-09,160.9500,161.4050,158.6800,160.0900,132.4202,63448033,0.0000
2020-10-02,164.8700,165.2400,162.1000,162.7500,134.6204,48092457,0.1691
2020-09-25,164.8900,165.4200,163.4800,165.1200,136.4396,41254523,0.0000
2020-09-18,164.7900,165.0800,162.9804,163.5700,135.1588,35080563,0.0000
2020-09-11,164.3700,165.2600,161.9500,164.4800,135.9108,37655390,0.0000
2020-09-04,161.6000,167.2400,161.1800,162.7400,134.4730,67340397,0.1829
2020-08-28,166.3200,166.9700,160.6400,161.1200,132.9859,53561100,0.0000
2020-08-21,163.9700,166.3300,163.3000,166.2000,137.1789,44630763,0.0000
2020-08-14,170.2200,170.2500,163.1600,163.1800,134.6862,56531392,0.0000
2020-08-07,169.2400,172.2500,168.9700,169.8800,140.2163,43559483,0.1901
2020-07-31,170.2500,171.4554,168.9800,171.0000,140.9830,39663573,0.0000
2020-07-24,167.5100,169.9200,166.8000,169.7400,139.9442,39947353,0.0000
2020-07-17,165.5000,168.1400,165.2300,166.7800,137.5038,44898836,0.0000
2020-07-10,162.3300,168.2100,161.7500,166.3300,137.1328,49871701,0.0000
2020-07-02,164.8500,165.2900,162.1500,163.5900,134.8737,42898140,0.1917
2020-06-26,163.1900,165.3200,161.1200,165.2500,136.0828,52932336,0.0000
2020-06-19,163.8900,164.2200,158.7000,162.3900,133.7276,44833187,0.0000
2020-06-12,155.0700,164.2300,155.0500,162.3000,133.6534,59380269,0.0000
2020-06-05,162.1000,162.4400,153.1600,156.1100,128.5560,68943209,0.2102
2020-05-29,163.7100,164.0900,161.6600,163.5900,134.5415,41084525,0.0000
2020-05-22,164.9300,165.6800,162.4200,165.5500,136.1535,43473473,0.0000
2020-05-15,163.6600,168.4900,162.1000,166.7100,137.1075,49382666,0.0000
2020-05-08,167.5600,167.6800,162.0500,163.9800,134.8622,48150286,0.0000
2020-05-01,169.6600,170.2600,166.4400,167.9500,138.1273,49379960,0.2162
2020-04-24,168.4400,172.1500,167.9600,170.8400,140.3235,32724247,0.0000
2020-04-17,164.7500,170.8400,163.4800,167.8100,137.8347,44675113,0.0000
2020-04-09,167.0000,168.2700,163.7100,165.3900,135.8470,47654517,0.0000
2020-04-03,168.3000,170.3300,164.5600,168.5000,138.4015,48614905,0.2380
2020-03-27,157.5000,168.2500,156.5700,167.7000,137.5484,65797524,0.0000
2020-03-20,160.3800,166.1500,139.0100,159.4300,130.7653,135734690,0.0000
2020-03-13,179.1000,179.7000,152.1900,153.9400,126.2623,153049833,0.0000
2020-03-06,155.3000,169.3300,152.3600,166.7700,136.7856,184298654,0.2292
2020-02-28,150.8300,155.9800,149.5800,155.3100,127.1966,135030421,0.0000
2020-02-21,145.3400,148.8800,144.9200,148.0400,121.2426,35814254,0.0000
2020-02-14,145.1000,145.2500,142.9900,144.5500,118.3843,35099695,0.0000
2020-02-07,144.9500,145.7600,141.9000,144.4300,118.2860,55539142,0.2420
2020-01-31,143.9500,145.9900,142.8200,145.9000,119.2916,60365697,0.0000
2020-01-24,138.8100,142.5500,138.7700,142.0800,116.1683,30858352,0.0000
2020-01-17,137.8800,139.7600,137.3600,138.0200,112.8487,42668439,0.0000
2020-01-10,139.6900,139.7100,135.9100,138.4400,113.1921,46642948,0.0000
2020-01-03,135.8900,139.1600,135.3800,139.1200,113.7481,42088648,0.0000
2019-12-27,136.8100,137.6300,135.8900,137.3200,112.2764,22434281,0.0000
2019-12-20,138.4000,138.4600,135.7600,136.6500,111.7286,33632720,0.2176
2019-12-13,138.9900,140.1400,136.6100,139.0400,113.5017,41564186,0.0000
2019-12-06,138.1400,141.7700,137.8600,138.3500,112.9385,54823546,0.2405
2019-11-29,140.3000,141.3100,139.7800,140.4200,114.4293,18787152,0.0000
2019-11-22,138.2100,140.6000,137.9300,139.9000,114.0055,32395156,0.0000
2019-11-15,135.3800,138.4400,134.6400,137.7600,112.2616,32034132,0.0000
2019-11-08,138.9700,139.1400,134.4500,134.9100,109.9391,63425270,0.0000
2019-11-01,137.5800,141.6800,136.9900,140.5600,114.5434,54874063,0.2456
2019-10-25,138.5700,140.3100,138.2300,138.5200,112.6840,33379271,0.0000
2019-10-18,141.4800,141.5100,139.3000,139.5800,113.5463,40261434,0.0000
2019-10-11,145.1600,145.9300,139.7100,140.4400,114.2459,78795361,0.0000
2019-10-04,141.8800,146.0300,141.1400,145.9900,118.7608,63640346,0.2501
2019-09-27,142.2400,143.8500,141.1400,142.7300,115.9065,64033719,0.0000
2019-09-20,137.8800,141.9800,137.2500,141.8900,115.2243,58177938,0.0000
2019-09-13,143.8300,144.0000,136.5400,136.5400,110.8798,78741299,0.0000
2019-09-06,147.0900,148.6700,143.8900,145.7900,118.3914,52477914,0.2602
2019-08-30,145.8700,148.9000,145.2900,147.2800,119.3903,56032150,0.0000
2019-08-23,143.5700,146.2700,143.4300,145.9600,118.3203,60513430,0.0000
2019-08-16,141.7200,148.6000,141.5100,146.1300,118.4581,86645039,0.0000
2019-08-09,138.1400,143.0600,137.6600,140.0500,113.5295,89244351,0.0000
2019-08-02,131.8200,136.5100,131.4000,136.5100,110.6598,69517122,0.2640
2019-07-26,132.4700,132.4900,130.5100,131.4700,106.3666,34784857,0.0000
2019-07-19,130.4500,132.3200,129.9600,131.6900,106.5446,33421350,0.0000
2019-07-12,133.0500,133.2200,129.6800,130.2200,105.3553,43295204,0.0000
2019-07-05,132.5700,134.2900,131.5900,132.4300,107.1433,42197408,0.2602
2019-06-28,132.1600,133.0900,131.8800,132.8100,107.2398,46623673,0.0000
2019-06-21,131.3900,133.5100,131.1300,131.4300,106.1255,53546288,0.0000
2019-06-14,130.6800,131.7100,130.3000,131.4600,106.1497,30082657,0.0000
2019-06-07,131.9100,132.5800,130.1200,131.7400,106.3758,61887420,0.2695
2019-05-31,128.2700,131.9000,128.0900,131.8300,106.2323,53317837,0.0000
2019-05-24,126.1200,128.0900,125.3000,127.7800,102.9687,30466166,0.0000
2019-05-17,125.4000,126.3000,125.2000,125.9900,101.5262,38172047,0.0000
2019-05-10,124.3100,125.4500,123.9300,124.7500,100.5270,35825522,0.0000
2019-05-03,123.2300,124.4500,122.8500,123.6600,99.6487,45380759,0.2589
2019-04-26,122.4700,124.0200,122.2400,123.8100,99.5615,31114803,0.0000
2019-04-18,122.7800,123.1000,122.1100,122.9000,98.8297,45705988,0.0000
2019-04-12,123.8300,124.5200,122.6300,122.6700,98.6448,34671525,0.0000
2019-04-05,125.2900,125.3600,123.3700,124.0300,99.7384,50459311,0.2782
2019-03-29,124.8100,126.6900,124.5100,126.4400,101.4495,51430901,0.0000
2019-03-22,121.5700,125.2800,120.8900,124.8600,100.1818,39496967,0.0000
2019-03-15,121.4000,122.2300,120.9200,121.7500,97.6864,28457738,0.0000
2019-03-08,119.2900,121.6900,119.0600,121.5700,97.5420,38875347,0.0000
2019-03-01,121.1700,121.8200,118.6400,118.6600,95.2072,43134384,0.2533
2019-02-22,122.4200,122.5400,120.7000,121.5700,97.3343,24086153,0.0000
2019-02-15,121.8600,122.2000,120.9100,121.9800,97.6625,28446438,0.0000
2019-02-08,120.4400,122.4700,120.0200,122.3500,97.9588,35800115,0.0000
2019-02-01,120.5400,122.1800,120.3300,120.9600,96.8459,46625311,0.2748
2019-01-25,120.3100,121.2600,119.8300,120.5300,96.2828,28240340,0.0000
2019-01-18,120.9000,121.0100,119.3900,119.5600,95.5079,44036276,0.0000
2019-01-11,122.6200,122.6500,120.3400,120.9300,96.6023,39594246,0.0000
2019-01-04,120.6500,123.8600,120.4600,122.1100,97.5450,71407769,0.0000
2018-12-28,121.1300,121.4200,119.9700,121.0500,96.6982,42103782,0.0000
2018-12-21,118.5900,122.0300,118.5800,120.7200,96.4346,71280990,0.2819
2018-12-14,118.8700,119.3800,117.9800,118.4800,94.4227,36765379,0.0000
2018-12-07,114.6800,119.2000,114.6600,118.4100,94.3669,51792307,0.2668
2018-11-30,114.8600,115.4200,114.3600,115.3300,91.7011,36802894,0.0000
2018-11-23,114.4100,115.7600,114.4100,115.1400,91.5500,21338927,0.0000
2018-11-16,113.9500,114.8100,113.3000,114.7000,91.2002,39173480,0.0000
2018-11-09,112.4800,113.5000,112.3300,113.3500,90.1268,30603925,0.0000
2018-11-02,114.8400,115.0200,111.9000,112.0000,89.0534,43741421,0.2747
2018-10-26,113.9500,115.3200,113.5300,114.9900,91.2098,60778866,0.0000
2018-10-19,114.6600,114.8200,113.4100,113.7100,90.1945,34410564,0.0000
2018-10-12,112.9900,115.1500,112.6400,114.4700,90.7974,55557975,0.0000
2018-10-05,116.6600,117.1300,112.6200,113.0400,89.6631,85842625,0.2609
2018-09-28,116.7400,117.9100,116.4000,117.2700,92.8099,40235766,0.0000
2018-09-21,118.1800,118.8200,116.1900,117.1000,92.6753,43826080,0.0000
2018-09-14,119.1700,119.6000,118.3000,118.5500,93.8229,25586071,0.0000
2018-09-07,119.9600,120.4000,118.9900,119.1300,94.2819,48544837,0.2723
2018-08-31,121.7800,121.9200,120.6200,121.0000,95.5451,31930474,0.0000
2018-08-24,121.6400,122.3300,121.0700,122.2900,96.5637,27029898,0.0000
2018-08-17,120.2500,121.3900,120.0300,120.9800,95.5293,28762511,0.0000
2018-08-10,119.5400,121.0500,118.5700,120.6600,95.2766,30790994,0.0000
2018-08-03,118.9900,119.8600,118.0700,119.2200,94.1396,37834805,0.2668
2018-07-27,120.3800,120.3800,119.1400,119.4600,94.1171,39345522,0.0000
2018-07-20,122.2100,122.4500,120.7000,120.7600,95.1413,32247833,0.0000
2018-07-13,122.0700,122.8700,121.8100,122.7200,96.6855,27485279,0.0000
2018-07-06,121.7400,122.9200,121.2900,122.7500,96.7091,22011043,0.2749
2018-06-29,120.6600,122.5000,120.6400,121.7200,95.6809,40261862,0.0000
2018-06-22,120.4800,121.2300,119.9000,120.5300,94.7454,29224448,0.0000
2018-06-15,119.0700,121.0900,118.6300,120.3800,94.6275,39798563,0.0000
2018-06-08,120.1100,120.4900,118.4200,119.5300,93.9594,40634634,0.0000
2018-06-01,120.7900,122.5200,119.8500,120.3000,94.5646,52773177,0.2810
2018-05-25,117.1300,119.8400,116.8500,119.6200,93.8110,35470208,0.0000
2018-05-18,118.8000,118.9900,116.0900,117.2100,91.9210,41352401,0.0000
2018-05-11,118.9700,119.3600,117.9800,119.2300,93.5051,28946576,0.0000
2018-05-04,119.0800,119.5600,118.2300,118.9900,93.3169,31573265,0.2621
2018-04-27,118.3300,118.9500,116.9400,118.8900,93.0326,33798456,0.0000
2018-04-20,120.2300,121.5800,118.4300,118.4600,92.6961,35675255,0.0000
2018-04-13,120.6400,121.8900,120.3500,120.9000,94.6054,29844205,0.0000
2018-04-06,121.3500,122.3600,119.7700,121.1000,94.7619,44980791,0.2604
2018-03-29,120.0000,122.2900,119.6700,121.9000,95.1845,34513316,0.0000
2018-03-23,119.2100,120.8200,118.1100,120.1700,93.8337,43066535,0.0000
2018-03-16,118.3100,120.4900,118.1900,119.8100,93.5526,36274354,0.0000
2018-03-09,118.7500,118.9900,117.5900,117.9100,92.0690,29229058,0.0000
2018-03-02,118.6800,119.6200,117.2600,118.3500,92.4125,52960913,0.2390
2018-02-23,118.2800,118.5100,116.5100,118.1300,92.0564,38713839,0.0000
2018-02-16,118.5600,119.3000,117.4700,118.7100,92.5084,47821985,0.0000
2018-02-09,119.1700,121.8200,117.7900,117.9400,91.9083,86629413,0.0000
2018-02-02,122.9700,122.9700,119.2400,119.5800,93.1863,84909774,0.2546
2018-01-26,123.4500,124.2000,122.5400,123.5900,96.1086,48985963,0.0000
2018-01-19,125.1700,125.6400,122.9800,123.0600,95.6964,39671064,0.0000
2018-01-12,125.9900,126.0300,122.6600,124.5200,96.8318,61877712,0.0000
2018-01-05,126.4900,126.5100,125.0700,125.7100,97.7572,44976640,0.0000
2017-12-29,124.9800,127.1200,124.9700,126.8600,98.6515,25105880,0.0000
2017-12-22,127.9700,128.0000,123.9500,124.7700,97.0262,39292720,0.2616
2017-12-15,126.8600,128.5900,125.6700,128.3500,99.6011,34023484,0.0000
2017-12-08,125.9200,128.2300,125.8100,126.6900,98.3129,50245808,0.0000
2017-12-01,126.8600,127.6900,124.4400,126.5500,98.2042,60823155,0.2547
2017-11-24,125.9100,127.2900,125.9100,126.8000,98.2006,17332867,0.0000
2017-11-17,124.8000,126.6700,124.3100,126.3900,97.8831,34478574,0.0000
2017-11-10,125.9300,126.8000,123.9600,124.1000,96.1096,34287098,0.0000
2017-11-03,123.8600,125.7000,123.5600,125.6400,97.3022,40623126,0.2631
2017-10-27,124.1600,124.4900,122.4200,123.2400,95.2427,42335671,0.0000
2017-10-20,125.5300,126.0900,123.6400,123.9800,95.8146,37944145,0.0000
2017-10-13,123.7800,125.9400,123.6400,125.8500,97.2598,29532139,0.0000
2017-10-06,124.8100,125.0000,123.0300,123.5900,95.5132,40082803,0.2524
2017-09-29,126.3200,127.2700,123.9700,124.7600,96.2220,49245779,0.0000
2017-09-22,126.5000,126.7300,125.3300,126.2000,97.3326,32263489,0.0000
2017-09-15,127.8700,128.0500,126.2800,126.8600,97.8416,48597875,0.0000
2017-09-08,127.6900,129.5700,127.6900,129.0000,99.4921,47714995,0.0000
2017-09-01,126.9200,128.5200,126.4300,126.7500,97.7568,38950279,0.2626
2017-08-25,126.7700,127.4500,126.2700,127.3200,97.9933,34129598,0.0000
2017-08-18,125.9900,127.1500,124.7100,126.6200,97.4546,35615233,0.0000
2017-08-11,124.8400,126.4600,124.1500,126.4300,97.3083,36199814,0.0000
2017-08-04,123.4600,126.0200,123.1600,124.9300,96.1538,39697062,0.2687
2017-07-28,125.4500,125.6600,122.8200,123.8900,95.1483,35463906,0.0000
2017-07-21,123.3300,126.0300,123.2700,125.6900,96.5307,37482118,0.0000
2017-07-14,122.8700,124.1600,122.6800,123.3300,94.7182,30140770,0.0000
2017-07-07,125.0000,125.0400,122.5900,122.7200,94.2497,42670519,0.2576
2017-06-30,128.2700,128.5700,124.8500,125.1200,95.8945,40559608,0.0000
2017-06-23,126.3200,127.9000,126.0300,127.7800,97.9331,30899808,0.0000
2017-06-16,124.2100,126.7100,123.9900,126.3500,96.8372,41826889,0.0000
2017-06-09,124.9000,125.8700,123.9800,124.4000,95.3426,46358462,0.0000
2017-06-02,124.0300,125.7700,123.6600,125.6200,96.2777,35101830,0.2630
2017-05-26,123.4100,123.7400,122.4800,123.4800,94.4375,28861459,0.0000
2017-05-19,121.0600,123.9400,120.7500,123.7100,94.6134,42760271,0.0000
2017-05-12,121.1100,121.4900,119.9100,121.3900,92.8390,35055675,0.0000
2017-05-05,121.6900,122.3900,120.6700,121.2900,92.7626,39769277,0.2548
2017-04-28,122.5500,123.1600,121.3800,122.3500,93.3767,35099460,0.0000
2017-04-21,123.4600,124.9800,122.8600,123.5400,94.2849,44620148,0.0000
2017-04-13,121.1400,123.7400,121.0000,123.4700,94.2315,36540979,0.0000
2017-04-07,120.4500,122.2500,120.3600,120.7100,92.1251,45289611,0.2546
2017-03-31,121.8300,121.9700,120.2100,120.7100,91.9328,32167945,0.0000
2017-03-24,118.5500,121.1700,118.5000,120.8800,92.0622,42265883,0.0000
2017-03-17,116.8300,118.8300,116.4900,118.6400,90.3563,46747720,0.0000
2017-03-10,119.1200,119.1200,116.6800,117.2500,89.2976,42699597,0.0000
2017-03-03,121.8100,122.0800,118.5500,119.3500,90.8970,47883918,0.2339
2017-02-24,119.6800,122.1400,119.5900,122.0100,92.7413,33472050,0.0000
2017-02-17,120.2500,120.7000,118.6500,120.3200,91.4567,51120523,0.0000
2017-02-10,119.7600,122.2700,119.1200,120.7600,91.7912,57455441,0.0000
2017-02-03,119.4400,120.4000,118.4700,119.0000,90.4534,48097692,0.2592
2017-01-27,120.3400,121.8700,118.3300,119.6300,90.7348,47654155,0.0000
2017-01-20,122.8100,122.9400,119.2900,119.9400,90.9699,45666798,0.0000
2017-01-13,121.8800,123.1400,120.6200,121.3100,92.0090,46457187,0.0000
2017-01-06,118.4100,122.0300,118.1800,120.8600,91.6677,41552033,0.0000
2016-12-30,117.4200,119.6500,117.2300,119.1300,90.3556,32050446,0.0000
2016-12-23,117.9800,118.5800,117.3800,118.0500,89.5364,32162960,0.3086
2016-12-16,117.2700,119.2100,116.8000,117.1400,88.6141,65629024,0.0000
2016-12-09,118.9300,120.6200,117.2800,117.5000,88.8865,60706535,0.0000
2016-12-02,121.4100,122.4000,117.6400,119.6000,90.4751,72284707,0.2427
2016-11-25,121.2100,121.7600,119.2500,120.8200,91.2115,33167770,0.0000
2016-11-18,121.2800,123.1400,120.3400,120.8500,91.2342,67086911,0.0000
2016-11-11,130.7500,131.2100,121.6500,122.0400,92.1326,77198063,0.0000
2016-11-04,130.8900,132.1100,129.8800,131.7400,99.4555,42044055,0.2499
2016-10-28,133.4100,133.5600,130.0600,130.4500,98.2941,35070380,0.0000
2016-10-21,132.1000,133.7500,131.8300,133.3100,100.4491,39993187,0.0000
2016-10-14,132.8500,133.9300,131.5300,131.5900,99.1531,41837656,0.0000
2016-10-07,137.6800,137.7700,133.0900,133.9200,100.9088,46348327,0.2471
2016-09-30,137.0700,139.1500,136.8700,137.5100,103.4271,46137407,0.0000
2016-09-23,134.5200,137.3400,134.1800,136.8200,102.9081,42213853,0.0000
2016-09-16,135.3200,136.0000,133.0300,134.7500,101.3511,49521757,0.0000
2016-09-09,138.7100,140.4200,135.4100,135.5200,101.9303,41613581,0.0000
2016-09-02,139.3800,140.3500,138.1700,138.6300,104.2695,37367942,0.2542
2016-08-26,139.6500,140.6900,138.2200,138.3600,103.8775,37236899,0.0000
2016-08-19,139.3400,139.7600,138.1000,138.7100,104.1402,25614796,0.0000
2016-08-12,137.6000,140.8600,137.3200,140.0800,105.1688,32146149,0.0000
2016-08-05,139.7800,140.5000,137.5000,138.0000,103.6072,38215734,0.2581
2016-07-29,138.9400,141.6800,138.4600,141.5600,106.0840,34098146,0.0000
2016-07-22,139.0700,139.3100,136.9900,138.8000,104.0157,37182107,0.0000
2016-07-15,143.0500,143.4700,138.1800,138.3900,103.7085,52867002,0.0000
2016-07-08,141.8500,143.6200,141.7000,143.6000,107.6128,43225289,0.0000
2016-07-01,138.4400,140.8200,138.0900,140.5700,105.3421,74708761,0.2552
2016-06-24,134.2400,136.6100,132.0800,135.7800,101.5682,45329547,0.0000
2016-06-17,135.0900,137.5600,134.7700,135.6100,101.4410,43517134,0.0000
2016-06-10,132.7800,135.3300,132.1000,134.7800,100.8201,31371953,0.0000
2016-06-03,129.0200,133.2300,128.9800,133.2300,99.6607,35131879,0.2673
2016-05-27,130.3600,130.7300,129.2400,129.8500,96.9337,30002299,0.0000
2016-05-20,131.6400,131.8300,128.9100,130.1500,97.1576,33825400,0.0000
2016-05-13,130.4600,132.3200,130.3200,132.2800,98.7477,33333364,0.0000
2016-05-06,128.6600,131.0700,127.8000,130.4500,97.3816,44085915,0.2602
2016-04-29,128.0600,129.7100,127.1200,129.3800,96.3866,37150411,0.0000
2016-04-22,131.3300,131.6500,128.2400,128.3600,95.6267,37600290,0.0000
2016-04-15,131.3200,132.1800,130.4900,131.8800,98.2491,27087511,0.0000
2016-04-08,130.7900,132.9900,130.2700,132.0100,98.3459,29570207,0.0000
2016-04-01,129.3800,131.1300,128.9800,130.6800,97.3551,40107978,0.2704
2016-03-24,128.2500,130.6400,127.7500,129.5400,96.3066,27484276,0.0000
2016-03-18,127.8200,129.5100,127.3700,129.0600,95.9497,37323180,0.0000
2016-03-11,128.4500,130.9900,127.2100,127.3600,94.6858,38882432,0.0000
2016-03-04,130.4700,131.1700,127.7600,128.6000,95.6077,43875276,0.2484
2016-02-26,131.1000,133.3900,129.7800,130.4100,96.7662,37808418,0.0000
2016-02-19,130.7200,131.8200,128.7100,131.0100,97.2114,43308745,0.0000
2016-02-12,129.7200,135.2500,129.6800,131.5000,97.5750,77989963,0.0000
2016-02-05,126.7900,129.9400,126.2900,128.7200,95.5122,52811684,0.2410
2016-01-29,125.9500,127.8600,125.1900,127.3000,94.2791,43134641,0.0000
2016-01-22,125.1300,127.9200,124.5200,125.3400,92.8275,47375835,0.0000
2016-01-15,122.0400,125.9600,121.8600,125.7500,93.1312,65365634,0.0000
2016-01-08,121.9300,123.4700,120.6600,123.3600,91.3611,45530845,0.0000
2015-12-31,121.9900,122.6700,119.6700,120.5800,89.3023,28780625,0.0000
2015-12-24,123.4300,123.7800,120.8700,121.8300,90.2280,23592407,0.2540
2015-12-18,123.0800,123.5200,120.5000,123.2300,91.0750,50539770,0.0000
2015-12-11,120.8100,124.1000,120.5100,123.7600,91.4667,43174542,0.0000
2015-12-04,121.1000,123.0400,118.9900,120.5800,89.1164,53748168,0.2565
2015-11-27,120.5300,121.4200,120.3200,120.9700,89.2184,14659285,0.0000
2015-11-20,119.7900,121.1500,118.6600,120.4500,88.8348,28456195,0.0000
2015-11-13,118.1000,119.9000,118.0000,119.6800,88.2669,33442225,0.0000
2015-11-06,121.7800,122.1800,118.7400,119.0000,87.7654,41526554,0.2666
2015-10-30,123.8700,124.9000,121.7000,122.7800,90.3557,45454589,0.0000
2015-10-23,123.7900,124.7800,122.5500,123.2000,90.6648,33265832,0.0000
2015-10-16,123.0300,124.5500,122.8000,123.9300,91.2020,35098969,0.0000
2015-10-09,123.7200,123.8300,121.6600,122.2800,89.9878,45683688,0.0000
2015-10-02,122.2000,126.2100,122.2000,124.5600,91.6657,50741898,0.2563
2015-09-25,121.0100,123.6800,119.7800,121.5400,89.2585,44813107,0.0000
2015-09-18,121.9500,122.2000,118.5500,122.1000,89.6697,57873408,0.0000
2015-09-11,121.3800,122.0800,119.5600,121.3900,89.1483,27171954,0.0000
2015-09-04,123.3600,123.4700,120.7100,122.6800,90.0957,48424834,0.2627
2015-08-28,128.3100,128.9200,121.3600,122.3600,89.6677,67521243,0.0000
2015-08-21,124.7100,126.7400,122.9900,126.3900,92.6209,43432390,0.0000
2015-08-14,123.4100,125.7100,122.5200,123.9600,90.8402,39078783,0.0000
2015-08-07,122.3200,124.5000,121.1900,124.3400,91.1186,40211923,0.2674
2015-07-31,122.1900,122.9000,120.4200,122.5300,89.5983,39331618,0.0000
2015-07-24,118.2900,121.5500,117.6600,121.3900,88.7647,34192952,0.0000
2015-07-17,115.3900,118.8900,115.3900,118.7200,86.8123,35666368,0.0000
2015-07-10,118.0500,120.5700,115.7600,116.0500,84.8599,61463229,0.0000
2015-07-02,116.9600,118.7000,115.4300,116.0700,84.8745,49735529,0.2582
2015-06-26,117.8400,118.1400,114.8800,115.2300,84.0725,47275273,0.0000
2015-06-19,118.8900,119.1900,116.7500,119.0800,86.8815,49429185,0.0000
2015-06-12,117.9600,119.0700,115.2600,117.9700,86.0717,51623813,0.0000
2015-06-05,122.1100,122.3800,117.2000,117.6000,85.8017,60054561,0.2644
2015-05-29,120.8400,123.5700,120.7400,122.7100,89.3350,31109511,0.0000
2015-05-22,120.3200,120.7500,118.1300,120.4000,87.6533,43611917,0.0000
2015-05-15,121.6200,121.9100,118.6400,121.5900,88.5197,67119336,0.0000
2015-05-08,124.3000,124.5300,120.3700,122.5100,89.1894,61085289,0.0000
2015-05-01,129.0700,129.5000,123.6900,124.0000,90.2742,48608496,0.2581
2015-04-24,130.9400,131.0100,127.5400,129.0700,93.7701,30837206,0.0000
2015-04-17,129.5300,131.8600,129.3900,131.4500,95.4991,28865585,0.0000
2015-04-10,131.4300,131.4800,129.1300,129.6200,94.1696,27394794,0.0000
2015-04-02,130.9000,132.4800,129.9100,130.7300,94.9761,29792212,0.2731
2015-03-27,131.7000,132.7600,129.1800,131.0600,95.0194,35348507,0.0000
2015-03-20,127.9400,131.7000,127.2700,131.5100,95.3457,42168021,0.0000
2015-03-13,124.6800,128.2000,124.1300,126.7200,91.8729,42373147,0.0000
2015-03-06,129.0000,129.0700,122.9700,123.5000,89.5384,52469763,0.2521
2015-02-27,127.1900,130.3900,127.1600,129.5300,93.7239,47724292,0.0000
2015-02-20,127.8000,128.0100,125.9200,126.5400,91.5605,50065328,0.0000
2015-02-13,131.9700,131.9800,128.0900,128.1900,92.7543,43696192,0.0000
2015-02-06,136.7000,137.9200,130.5900,130.9600,94.7586,61079199,0.2790
2015-01-30,134.8400,138.5000,134.0500,138.2800,99.8525,50028978,0.0000
2015-01-23,134.1300,135.5900,132.2800,134.7700,97.3179,35097226,0.0000
2015-01-16,131.0000,135.0300,130.9200,133.1900,96.1770,48088244,0.0000
2015-01-09,128.0100,132.4900,127.9600,131.0700,94.6461,55337799,0.0000
2015-01-02,124.9100,127.6600,124.8100,127.3200,91.9383,22868576,0.0000
2014-12-26,125.4500,126.1900,122.9300,124.4100,89.8369,19317626,0.2613
2014-12-19,125.6400,127.7200,124.2000,125.8700,90.7000,49025309,0.0000
2014-12-12,121.4200,126.3500,121.1400,126.3000,91.0099,36281535,0.0000
2014-12-05,122.6800,122.8100,120.1300,121.0900,87.2556,30635491,0.2766
2014-11-28,119.6700,122.6700,119.5500,122.4900,88.0640,19705254,0.0000
2014-11-21,119.7800,120.1600,118.7600,120.1000,86.3457,24313608,0.0000
2014-11-14,119.5800,119.5900,118.3400,119.4900,85.9071,20911663,0.0000
2014-11-07,118.9000,119.9100,118.2100,119.7500,86.0941,32643694,0.2900
2014-10-31,119.8900,120.4600,118.4200,119.2500,85.5261,26721178,0.0000
2014-10-24,121.7800,121.8500,119.0600,119.7200,85.8632,43404364,0.0000
2014-10-17,120.1600,127.6800,120.0500,121.0700,86.8314,81769394,0.0000
2014-10-10,117.6200,120.0800,117.3600,120.0500,86.0998,41791186,0.0000
2014-10-03,117.0000,118.2600,116.1300,117.7000,84.4144,48078816,0.2894
2014-09-26,114.6600,116.2900,114.4400,116.0000,82.9921,34956652,0.0000
2014-09-19,113.8500,114.6800,112.7300,114.6000,81.9904,48005211,0.0000
2014-09-12,116.4100,116.6300,113.2200,113.3800,81.1176,43806022,0.0000
2014-09-05,117.2800,117.3800,115.4400,115.7300,82.7989,36482107,0.2710
2014-08-29,117.4500,119.4300,117.2100,119.0500,84.9769,36495473,0.0000
2014-08-22,117.2100,117.4300,115.5700,117.2900,83.7206,37751566,0.0000
2014-08-15,115.6500,118.3600,114.7300,117.7100,84.0204,49640606,0.0000
2014-08-08,114.5300,116.4200,113.6800,115.5200,82.4572,39797406,0.0000
2014-08-01,115.5900,116.0700,113.0500,114.5600,81.7720,57183654,0.2998
2014-07-25,115.0100,115.6800,114.2500,115.6700,82.3488,28622809,0.0000
2014-07-18,113.2800,115.0500,112.5000,114.5200,81.5300,34663707,0.0000
2014-07-11,111.2700,113.6800,111.2300,113.5800,80.8608,30550775,0.0000
2014-07-03,113.5600,113.8000,110.3400,110.6800,78.7962,29169261,0.2918
2014-06-27,112.0800,113.8200,111.4100,113.2400,80.4098,35065862,0.0000
2014-06-20,112.2100,112.7600,110.7400,111.8000,79.3873,44646936,0.0000
2014-06-13,111.4500,112.6200,110.8300,112.1500,79.6358,31923357,0.0000
2014-06-06,113.0400,113.6800,111.0200,111.5900,79.2382,47056056,0.2938
2014-05-30,112.8500,115.1900,112.4000,114.1000,80.8103,34231565,0.0000
2014-05-23,113.9300,113.9600,111.7900,112.7000,79.8187,32509256,0.0000
2014-05-16,111.0100,114.4100,110.5400,113.5400,80.4137,36565614,0.0000
2014-05-09,112.7600,112.8100,110.9800,111.2400,78.7847,39644196,0.0000
2014-05-02,111.1100,113.1000,110.0400,112.7100,79.8258,44823722,0.2693
2014-04-25,110.3700,111.9900,109.6100,111.3300,78.6593,28128313,0.0000
2014-04-17,110.4800,111.5100,109.7000,110.0500,77.7550,26040570,0.0000
2014-04-11,108.6200,110.7900,108.6000,110.7300,78.2354,40521721,0.0000
2014-04-04,108.7400,111.0700,107.1700,108.4600,76.6316,37357747,0.2802
2014-03-28,108.0500,110.3900,107.9500,109.3700,77.0743,35517542,0.0000
2014-03-21,108.1800,108.3200,106.8100,108.2300,76.2710,37970769,0.0000
2014-03-14,105.9400,108.9800,105.7800,108.5200,76.4753,35044395,0.0000
2014-03-07,108.8800,109.1800,105.6000,105.8900,74.6219,39649684,0.2633
2014-02-28,106.7000,108.7400,106.1700,108.5700,76.3263,31126978,0.0000
2014-02-21,106.6600,107.2000,105.6900,106.6700,74.9905,20732621,0.0000
2014-02-14,106.6100,107.1200,105.6200,106.5800,74.9273,28873455,0.0000
2014-02-07,107.7900,109.3400,106.4400,106.7900,75.0749,53469303,0.2756
2014-01-31,107.2200,108.4100,106.5500,108.2800,75.9310,47256070,0.0000
2014-01-24,105.4500,107.4900,105.2400,107.4800,75.3700,35558159,0.0000
2014-01-17,104.5100,105.5200,103.9300,105.4800,73.9675,42251058,0.0000
2014-01-10,102.3800,104.5400,102.1000,104.4100,73.2172,40926180,0.0000
2014-01-03,102.1500,102.5800,101.1700,102.1700,71.6464,24375545,0.0000
2013-12-27,104.0500,104.4100,101.6900,101.8100,71.3939,20676191,0.3347
2013-12-20,103.5800,104.2900,102.4500,104.2500,72.8661,44500793,0.0000
2013-12-13,102.9000,103.9500,102.6300,103.2100,72.1392,33591111,0.0000
2013-12-06,103.8000,103.9600,102.2200,102.9200,71.9365,35905593,0.3100
2013-11-29,103.8400,104.9300,103.8400,104.4500,72.7875,21563247,0.0000
2013-11-22,104.6500,105.4100,102.1600,103.9100,72.4112,43748247,0.0000
2013-11-15,103.5300,105.1200,102.9600,104.7300,72.9827,30775458,0.0000
2013-11-08,106.4700,106.6700,103.3900,103.4100,72.0628,43913723,0.0000
2013-11-01,108.0100,108.3800,106.1400,106.1900,74.0001,44737886,0.2879
2013-10-25,106.9100,108.7300,106.4600,108.2900,75.2595,37094557,0.0000
2013-10-18,105.3900,107.4800,104.2700,107.0400,74.3908,47748313,0.0000
2013-10-11,106.2000,106.5100,104.5100,105.4600,73.2927,36549079,0.0000
2013-10-04,106.6600,106.9000,105.3500,105.7100,73.4664,34194650,0.2777
2013-09-27,105.2100,107.2800,105.1100,106.5600,73.8633,41382192,0.0000
2013-09-20,104.3300,105.5500,102.8500,104.9200,72.7265,57309797,0.0000
2013-09-13,103.8000,104.0000,102.1900,103.5500,71.7769,36270306,0.0000
2013-09-06,104.5900,104.6700,102.5300,103.0500,71.4303,38433328,0.2790
2013-08-30,104.5600,106.6800,104.3300,105.9900,73.2720,40614823,0.0000
2013-08-23,102.9300,104.3900,102.1100,104.2900,72.0968,58512883,0.0000
2013-08-16,107.6100,107.6300,102.6700,103.3700,71.4608,47502370,0.0000
2013-08-09,106.1900,107.6000,105.3400,107.2600,74.1500,27518474,0.0000
2013-08-02,107.6500,107.9200,105.0000,106.5200,73.6384,43653267,0.2700
2013-07-26,109.3600,109.6900,106.7900,108.1400,74.5672,31079802,0.0000
2013-07-19,107.8000,109.3600,107.4800,109.2000,75.2982,31746861,0.0000
2013-07-12,107.0700,108.4700,106.3000,107.7200,74.2776,38230126,0.0000
2013-07-05,109.7300,110.8000,106.1700,106.2600,73.2709,29188018,0.2516
2013-06-28,107.8300,110.4800,107.7600,110.4400,75.9800,73290254,0.0000
2013-06-21,114.0200,114.0800,108.3700,108.4000,74.5766,75991199,0.0000
2013-06-14,112.7000,114.6600,112.1200,113.8200,78.3054,50110100,0.0000
2013-06-07,113.7800,116.7900,113.1600,113.1600,77.8513,50508736,0.2751
2013-05-31,116.0900,116.2700,113.1700,114.4500,78.5506,53058565,0.0000
2013-05-24,117.6300,118.5500,115.7700,116.8000,80.1634,46547467,0.0000
2013-05-17,117.8800,118.9400,116.4200,117.0600,80.3419,47790376,0.0000
2013-05-10,121.1500,121.3200,117.8500,118.7500,81.5018,35117005,0.0000
2013-05-03,123.5800,124.2600,120.8300,120.9300,82.9980,35573162,0.2606
2013-04-26,122.8400,123.7900,122.1000,123.3900,84.5088,25431358,0.0000
2013-04-19,122.1300,123.5300,121.8700,122.8300,84.1253,41006265,0.0000
2013-04-12,122.6700,122.8700,119.8900,121.9300,83.5089,42714793,0.0000
2013-04-05,117.5200,123.4300,117.4900,122.8200,84.1184,49070757,0.2551
2013-03-28,116.7700,118.7700,116.6700,117.7600,80.4794,24502203,0.0000
2013-03-22,116.8300,117.8900,116.0800,117.3300,80.1856,42125173,0.0000
2013-03-15,115.1200,115.8800,114.7400,115.7600,79.1126,41476818,0.0000
2013-03-08,118.7900,118.9700,114.6200,114.7500,78.4223,41515288,0.0000
2013-03-01,116.3500,119.6700,116.2900,118.9000,81.2585,47039489,0.2539
2013-02-22,116.8600,117.3400,115.5700,117.0300,79.8101,30601495,0.0000
2013-02-15,117.0500,117.3800,115.5500,116.5000,79.4487,27737410,0.0000
2013-02-08,116.5900,117.5900,115.8600,117.1200,79.8715,33413951,0.0000
2013-02-01,117.0200,118.0800,115.5100,115.5400,78.7940,38915314,0.2602
2013-01-25,119.5500,120.5800,117.7700,118.0300,80.3112,19652263,0.0000
2013-01-18,120.0400,120.7000,118.7500,120.0400,81.6789,24384982,0.0000
2013-01-11,118.3700,119.8600,118.0000,119.8500,81.5496,22804674,0.0000
2013-01-04,122.8700,122.9700,117.3600,118.4000,80.5630,33474174,0.0000
2012-12-28,122.0000,123.3400,121.8100,123.3100,83.9039,11509694,0.2683
2012-12-21,123.5000,123.5200,119.9000,122.2500,83.0005,34430017,0.0000
2012-12-14,124.9600,125.0800,122.1300,123.6000,83.9170,23246051,0.0000
2012-12-07,123.7200,126.0800,123.6200,124.4300,84.4806,16314009,0.2448
2012-11-30,125.1600,126.2000,124.6600,124.7900,84.5589,15376188,0.0000
2012-11-23,125.4600,125.8100,124.0200,124.2100,84.1659,11690688,0.0000
2012-11-16,125.8400,127.1900,125.6000,126.3700,85.6295,19771076,0.0000
2012-11-09,122.8200,125.9800,121.7800,125.9800,85.3653,31104679,0.0000
2012-11-02,122.6800,123.7000,121.2400,122.2600,82.8446,12212928,0.2696
2012-10-26,121.4300,122.7300,120.3300,122.6400,82.9194,30677268,0.0000
2012-10-19,123.7800,124.1400,119.8700,121.7400,82.3109,31541398,0.0000
2012-10-12,121.9800,124.7800,121.2600,123.9700,83.8186,21879669,0.0000
2012-10-05,123.9700,124.5200,120.9200,121.1500,81.9119,26737907,0.2597
2012-09-28,122.2500,125.2400,122.1300,124.2200,83.8127,29033461,0.0000
2012-09-21,118.8700,122.3200,118.8000,121.5500,82.0112,25588815,0.0000
2012-09-14,123.6900,124.3300,118.0500,118.3000,79.8184,44628010,0.0000
2012-09-07,126.9200,127.6300,123.9200,124.0300,83.6845,23115070,0.2717
2012-08-31,125.3400,127.7200,124.9500,127.7200,85.9907,24159323,0.0000
2012-08-24,121.5500,125.5600,120.6600,124.8100,84.0314,36732462,0.0000
2012-08-17,126.1100,126.3800,120.5200,121.6000,81.8702,42105980,0.0000
2012-08-10,127.6700,128.1400,123.7500,125.7000,84.6307,29759803,0.0000
2012-08-03,128.3900,130.6900,126.7700,127.4200,85.7887,38500194,0.2725
2012-07-27,131.3100,132.2100,126.9600,128.4800,86.3197,39508307,0.0000
2012-07-20,130.3000,130.6100,128.1100,130.0600,87.3812,26475670,0.0000
2012-07-13,127.3800,129.5600,127.1100,129.1700,86.7833,26492086,0.0000
2012-07-06,125.4500,127.2100,125.2100,127.0600,85.3657,25383761,0.2688
2012-06-29,126.3600,127.4800,124.6300,125.2000,83.9372,31473653,0.0000
2012-06-22,127.1500,127.3400,124.0900,125.0200,83.8166,46253237,0.0000
2012-06-15,124.7900,126.8500,124.3800,126.4000,84.7418,46824876,0.0000
2012-06-08,129.3100,130.1800,124.3900,125.2100,83.9440,75106315,0.0000
2012-06-01,123.3900,130.3800,123.0000,130.3600,87.3966,77744841,0.2627
2012-05-25,123.9000,124.5200,122.0600,123.4000,82.5641,48783456,0.0000
2012-05-18,120.8700,124.4400,120.6000,124.2000,83.0994,47014864,0.0000
2012-05-11,118.3200,119.6000,117.4400,119.5000,79.9547,26645415,0.0000
2012-05-04,117.5700,118.1900,116.0700,118.1400,79.0448,24868938,0.2835
2012-04-27,118.1100,118.4100,115.6900,117.2900,78.2855,26313198,0.0000
2012-04-20,116.7000,117.6000,116.2500,117.0700,78.1386,27625388,0.0000
2012-04-13,115.5400,117.2900,114.8200,116.8400,77.9851,55124846,0.0000
2012-04-05,113.0000,113.4400,110.5700,112.9100,75.3620,40178018,0.2900
2012-03-30,112.8300,114.2700,111.8000,112.2000,74.6956,40136976,0.0000
2012-03-23,111.3600,113.3900,109.6900,113.2100,75.3680,50167673,0.0000
2012-03-16,116.3200,116.5200,110.2000,111.4300,74.1830,71789775,0.0000
2012-03-09,116.9600,118.1100,114.9000,115.9700,77.2054,33746620,0.0000
2012-03-02,118.5000,119.1400,115.5400,117.1500,77.9910,47966498,0.2668
2012-02-24,115.7700,117.5800,114.9500,117.5000,78.0446,26908571,0.0000
2012-02-17,116.6000,118.2800,115.7600,116.5800,77.4336,36913705,0.0000
2012-02-10,116.6900,117.8000,114.6200,116.9900,77.7059,41253913,0.0000
2012-02-03,119.8400,120.9100,115.9700,116.5700,77.4269,42375954,0.2888
2012-01-27,116.1300,118.5300,115.5500,118.0800,78.2403,38722079,0.0000
2012-01-20,120.9500,121.6300,116.9700,116.9800,77.5114,26427367,0.0000
2012-01-13,118.4700,121.6400,117.6800,120.8800,80.0956,40171800,0.0000
2012-01-06,119.4200,120.2000,117.5700,118.7300,78.6710,31308066,0.0000
2011-12-30,117.9400,121.7600,117.6200,121.2500,80.3407,22825939,0.3799
2011-12-23,122.3200,124.0200,117.7400,118.2700,78.1157,44046827,0.0000
2011-12-16,117.9100,122.6200,117.1600,122.3200,80.7906,40638663,0.0000
2011-12-09,117.0000,119.3300,116.6300,116.7100,77.0853,41603111,0.0000
2011-12-02,118.6300,121.1500,115.8000,118.6400,78.3600,45832153,0.2898
2011-11-25,120.3800,123.0500,119.8500,120.8000,79.5895,29652991,0.0000
2011-11-18,116.3900,120.1600,116.2100,119.3400,78.6276,41010352,0.0000
2011-11-11,116.6400,119.1300,115.2100,115.6500,76.1964,43951710,0.0000
2011-11-04,113.6100,119.4900,113.4600,116.4800,76.7433,68792278,0.2995
2011-10-28,113.9300,116.3500,109.8200,111.4600,73.2522,60484400,0.0000
2011-10-21,114.3000,116.8200,113.1300,113.1300,74.3497,46526467,0.0000
2011-10-14,116.8200,117.3600,113.4800,113.9500,74.8886,44795302,0.0000
2011-10-07,121.8800,125.0300,116.8500,118.2400,77.7081,68702999,0.3059
2011-09-30,120.1200,120.9100,115.7600,120.8000,79.1948,67230240,0.0000
2011-09-23,114.2000,123.8700,114.0500,120.8300,79.2145,78295990,0.0000
2011-09-16,113.5700,114.2500,111.2500,112.2400,73.5830,47769646,0.0000
2011-09-09,114.4200,114.9300,111.3100,113.7100,74.5467,48514429,0.0000
2011-09-02,106.7000,112.5800,106.0800,112.5100,73.7600,55701971,0.3224
2011-08-26,110.4600,111.2600,106.1500,108.4900,70.9147,65867657,0.0000
2011-08-19,104.9400,112.1400,104.4700,111.2000,72.6861,84933948,0.0000
2011-08-12,103.1800,109.3700,102.9500,105.5700,69.0061,177742206,0.0000
2011-08-05,97.3900,105.5500,97.3500,102.3200,66.8817,132106242,0.3252
2011-07-29,94.9700,98.5300,94.8300,97.9200,63.7952,56437449,0.0000
2011-07-22,96.0600,97.2700,94.9000,96.0500,62.5769,49177017,0.0000
2011-07-15,96.0400,97.9000,95.2400,96.1700,62.6551,50514662,0.0000
2011-07-08,94.0400,95.6100,93.5500,95.3700,62.1339,29221037,0.0000
2011-07-01,96.8500,96.8700,93.1400,93.6300,61.0002,51243119,0.3197
2011-06-24,97.3300,97.7400,96.2700,96.9800,62.9678,36560811,0.0000
2011-06-17,96.7400,97.5300,95.1300,96.9000,62.9159,47775600,0.0000
2011-06-10,95.4700,97.3900,95.1200,97.1400,63.0717,41251700,0.0000
2011-06-03,96.1800,97.7180,95.5700,96.3300,62.5458,46133100,0.3520
2011-05-27,95.7300,96.5500,95.4600,96.4700,62.4117,31212100,0.0000
2011-05-20,95.0300,96.6000,94.4600,95.3200,61.6677,37242800,0.0000
2011-05-13,94.9000,95.4900,93.9100,95.0800,61.5124,31664000,0.0000
2011-05-06,93.3200,95.6300,93.1700,95.0700,61.5059,38229500,0.4001
2011-04-29,92.6300,93.9200,92.5000,93.8900,60.4841,34012700,0.0000
2011-04-21,91.9900,93.2800,91.4500,92.6000,59.6531,27451500,0.0000
2011-04-15,89.8300,92.7100,89.6500,92.6700,59.6982,39212300,0.0000
2011-04-08,92.2000,92.5800,89.8500,89.8800,57.9009,40382400,0.0000
2011-04-01,92.1200,92.7200,91.4200,92.1900,59.3890,33047000,0.3858
2011-03-25,93.1300,93.8800,92.0200,92.1700,59.1286,41730400,0.0000
2011-03-18,91.4800,94.9400,91.3200,93.4600,59.9562,63742600,0.0000
2011-03-11,90.0200,92.1000,89.6500,91.5500,58.7309,46719200,0.0000
2011-03-04,92.3000,92.5200,89.9800,90.8100,58.2562,46181400,0.2969
2011-02-25,89.9100,92.2800,89.7100,92.2800,59.0095,45380900,0.0000
2011-02-18,89.3100,90.3200,89.0800,89.4900,57.2254,36591000,0.0000
2011-02-11,88.7000,89.6600,88.1400,89.4600,57.2062,53907800,0.0000
2011-02-04,91.6600,91.9800,88.7700,88.8100,56.7906,63738600,0.3200
2011-01-28,91.8700,92.9000,90.6700,91.9200,58.5721,57323100,0.0000
2011-01-21,91.2900,92.0700,90.3900,91.5200,58.3172,42839500,0.0000
2011-01-14,92.5800,92.9900,91.4500,91.8350,58.5180,50776600,0.0000
2011-01-07,93.2000,94.3100,91.0300,92.3500,58.8461,63846400,0.0000
2010-12-31,92.7600,94.7000,91.3100,94.1200,59.9740,47919300,0.3204
2010-12-23,93.7500,94.2300,92.4900,92.9300,59.0093,36221300,0.0000
2010-12-17,93.0500,94.0300,90.4700,93.2400,59.2062,96789000,0.0000
2010-12-10,95.5200,96.2500,92.1100,93.1500,59.1490,69366400,0.0000
2010-12-03,97.5600,99.2700,94.8500,94.8900,60.2539,55852300,0.3398
2010-11-26,97.3700,97.9500,95.5800,97.0700,61.4205,36296900,0.0000
2010-11-19,95.3300,96.7600,93.8100,96.5900,61.1168,65579900,0.0000
2010-11-12,98.5900,98.9200,95.0000,95.8100,60.6233,55504900,0.0000
2010-11-05,100.8000,102.2700,97.9800,97.9800,61.9963,63681700,0.3194
2010-10-29,102.1200,102.2900,99.1600,100.4200,63.3373,38115900,0.0000
2010-10-22,101.2000,102.2801,100.4120,101.3800,63.9428,30732300,0.0000
2010-10-15,104.1100,104.7600,99.8950,100.2700,63.2426,39404700,0.0000
2010-10-08,104.6200,106.1000,103.9300,104.2200,65.7340,31300000,0.0000
2010-10-01,104.5299,106.3200,103.9800,104.6100,65.9800,40818400,0.3922
2010-09-24,102.1500,105.4550,101.6899,103.5000,65.0360,42525900,0.0000
2010-09-17,101.8000,103.8200,100.8500,101.6700,63.8861,47271800,0.0000
2010-09-10,105.0900,105.7800,101.8500,102.3200,64.2946,28216000,0.0000
2010-09-03,106.2100,108.6500,102.7000,103.5800,65.0863,43791300,0.3222
2010-08-27,105.6500,109.3400,105.2000,105.3500,65.9979,50025900,0.0000
2010-08-20,104.2100,106.8300,104.0000,106.0400,66.4301,42623400,0.0000
2010-08-13,99.7400,102.4500,99.4700,102.2900,64.0809,36041500,0.0000
2010-08-06,99.2400,100.2100,98.5600,100.1000,62.7090,23699700,0.3244
2010-07-30,99.6300,100.6100,97.9200,100.4800,62.7409,29680300,0.0000
2010-07-23,100.5600,102.2800,99.6900,99.7800,62.3038,29295400,0.0000
2010-07-16,99.3300,101.1300,98.1800,100.8000,62.9407,29830400,0.0000
2010-07-09,100.8300,101.7500,99.1800,99.2200,61.9541,22894800,0.0000
2010-07-02,99.6000,102.6600,99.4172,100.7900,62.9345,39166900,0.3095
2010-06-25,96.4600,99.5900,96.4100,99.0500,61.6601,31870500,0.0000
2010-06-18,96.3200,98.2300,96.0500,97.6900,60.8135,24064200,0.0000
2010-06-11,97.5200,98.5900,96.0900,97.4100,60.6392,28738800,0.0000
2010-06-04,97.2300,97.9500,95.1000,97.7900,60.8758,27171700,0.3259
2010-05-28,98.7400,99.8900,95.8800,96.5000,59.8713,46777300,0.0000
2010-05-21,94.7200,99.7500,94.4700,98.4300,61.0687,66665000,0.0000
2010-05-14,93.1600,95.5000,92.1985,94.8800,58.8662,40146200,0.0000
2010-05-07,91.4200,100.0000,91.2800,95.5800,59.3005,65804500,0.3200
2010-04-30,90.5100,92.1700,89.9400,92.1300,56.9612,37324600,0.0000
2010-04-23,89.8700,91.0882,89.5200,90.1100,55.7123,17276100,0.0000
2010-04-16,89.1700,89.9900,88.6800,89.8600,55.5577,21602500,0.0000
2010-04-09,87.9800,89.1300,87.3000,88.9800,55.0136,21735400,0.0000
2010-04-01,88.7800,89.5200,88.2700,88.9500,54.9951,13676000,0.3317
2010-03-26,91.3500,91.4900,88.3700,88.9500,54.7908,25790700,0.0000
2010-03-19,90.3500,91.5800,90.0500,91.2600,56.2137,15077200,0.0000
2010-03-12,89.9000,90.6500,89.1900,90.4800,55.7332,14360400,0.0000
2010-03-05,91.3300,91.6800,90.1200,90.2700,55.6039,13029800,0.2896
2010-02-26,89.1200,92.0600,88.9200,91.6700,56.2877,21337100,0.0000
2010-02-19,89.7300,90.4400,88.5100,89.4500,54.9246,15433400,0.0000
2010-02-12,91.8700,92.2200,89.3800,90.1900,55.3790,21165300,0.0000
2010-02-05,91.7100,92.4200,90.2700,91.9800,56.4781,24960500,0.3248
2010-01-29,91.5400,92.3600,91.0600,92.3100,56.4795,16872100,0.0000
2010-01-22,90.7200,92.3900,90.4200,92.0000,56.2898,13326500,0.0000
2010-01-15,88.9900,91.3300,88.7700,91.0800,55.7269,19589100,0.0000
2010-01-08,89.8400,90.6300,88.7600,89.2900,54.6317,15474200,0.0000
2009-12-31,89.4600,90.4800,89.0500,89.8900,54.9988,10949400,0.3182
2009-12-24,92.0600,92.2000,89.6700,89.7100,54.6947,10637700,0.0000
2009-12-18,92.3500,93.5000,91.3600,92.7900,56.5725,16894300,0.0000
2009-12-11,93.2700,94.3700,91.3100,92.0900,56.1458,16146800,0.0000
2009-12-04,96.2000,96.7300,92.9100,93.3400,56.9079,19344200,0.3066
2009-11-27,94.5400,96.5600,94.3400,96.4000,58.5849,11152900,0.0000
2009-11-20,94.6500,95.8200,94.5200,95.1200,57.8070,17869800,0.0000
2009-11-13,93.2800,94.1600,92.4500,93.9200,57.0778,11044300,0.0000
2009-11-06,95.5100,95.5800,92.4600,93.3300,56.7192,19517100,0.3083
2009-10-30,94.4400,96.0100,93.5500,95.7800,58.0199,22952400,0.0000
2009-10-23,95.5900,97.2500,94.8700,94.9500,57.5172,14999800,0.0000
2009-10-16,96.0300,96.8500,94.3700,95.4500,57.8200,17700900,0.0000
2009-10-09,99.4700,99.7600,95.5000,95.9000,58.0926,24444800,0.0000
2009-10-02,98.3200,100.3100,98.1100,99.0100,59.9766,20713400,0.3073
2009-09-25,96.1000,98.0600,95.2000,97.9800,59.1703,19343100,0.0000
2009-09-18,96.0200,96.7300,94.6000,95.7600,57.8296,13685000,0.0000
2009-09-11,94.4800,97.6800,93.5200,96.7000,58.3973,14894800,0.0000
2009-09-04,96.3600,97.6600,95.0600,95.2100,57.4975,16895800,0.3075
2009-08-28,93.4900,96.6200,93.4600,96.5100,58.0966,15632200,0.0000
2009-08-21,93.9500,95.8700,93.7500,93.7700,56.4472,19186800,0.0000
2009-08-14,90.5100,94.2000,90.4100,93.3500,56.1943,19889800,0.0000
2009-08-07,93.8100,93.8700,90.2190,90.4900,54.4727,19091500,0.3185
2009-07-31,90.2300,94.8600,89.9400,94.8100,56.8786,18728600,0.0000
2009-07-24,90.8500,93.7000,90.5700,91.4500,54.8628,15902600,0.0000
2009-07-17,96.3200,96.6000,91.2400,91.2400,54.7368,18968500,0.0000
2009-07-10,94.0500,96.8100,93.3900,96.2300,57.7304,21615300,0.0000
2009-07-02,95.0700,95.3700,93.2400,94.3000,56.5726,14103600,0.3033
2009-06-26,92.4400,94.9000,92.0600,94.5900,56.5642,27050000,0.0000
2009-06-19,90.5400,93.3300,90.1100,91.6900,54.8300,28636600,0.0000
2009-06-12,90.4100,90.7300,87.5600,89.9700,53.8015,39571900,0.0000
2009-06-05,92.3400,92.6100,89.5500,89.8400,53.7237,32656000,0.3054
2009-05-29,94.0500,94.2300,90.2300,94.1700,56.1249,25694300,0.0000
2009-05-22,98.0100,98.1100,93.3500,93.5300,55.7434,15939800,0.0000
2009-05-15,96.0500,98.2500,95.7900,98.0400,58.4314,10400900,0.0000
2009-05-08,97.3600,98.0000,94.3300,94.9400,56.5838,13610200,0.0000
2009-05-01,101.0700,101.5800,96.5700,97.1100,57.8771,13930000,0.2967
2009-04-24,102.6300,104.2100,100.1000,100.5700,59.7567,9419900,0.0000
2009-04-17,102.9600,104.3000,101.3700,101.7000,60.4281,7073500,0.0000
2009-04-09,103.5400,103.8600,101.9800,102.3500,60.8143,4827300,0.0000
2009-04-03,105.4400,106.5600,102.6600,102.9200,61.1530,10861200,0.3021
2009-03-27,104.2900,105.1600,101.9301,104.5600,61.9515,14362900,0.0000
2009-03-20,100.8200,108.0700,100.3876,103.9200,61.5723,22051200,0.0000
2009-03-13,104.5100,104.5500,100.9300,102.7300,60.8672,13837500,0.0000
2009-03-06,102.2200,105.9700,101.1600,104.2600,61.7737,17253600,0.2822
2009-02-27,103.6000,106.6800,101.2100,101.8800,60.1991,16672700,0.0000
2009-02-20,104.5500,106.5600,102.2300,103.9200,61.4045,13073900,0.0000
2009-02-13,101.6500,106.5000,101.0600,102.4100,60.5123,13099500,0.0000
2009-02-06,104.0200,105.6800,101.6200,102.2900,60.4414,11799000,0.2853
2009-01-30,107.4000,109.8100,103.4400,103.7500,61.1386,16364200,0.0000
2009-01-23,112.2650,114.6300,106.6900,107.6900,63.4604,12799200,0.0000
2009-01-16,111.5700,116.9200,111.5700,114.3000,67.3556,12547000,0.0000
2009-01-09,115.6000,116.1600,111.0000,112.7300,66.4304,17401600,0.0000
2009-01-02,121.4300,122.0100,116.3500,116.3500,68.5636,10208700,0.4051
2008-12-26,122.3900,122.3900,119.9000,121.3000,71.2416,5139400,0.0000
2008-12-19,112.3500,123.1500,112.0500,122.2600,71.8054,19240800,0.0000
2008-12-12,110.4800,112.5600,109.6900,112.3700,65.9968,11553900,0.0000
2008-12-05,107.7500,113.0000,107.1300,110.4800,64.8868,17654900,0.3550
2008-11-28,102.1500,105.9700,101.0000,105.7200,61.8903,7784000,0.0000
2008-11-21,95.6800,104.4400,95.2900,102.9200,60.2512,12214600,0.0000
2008-11-14,93.8000,96.0700,93.2500,95.1700,55.7142,5938700,0.0000
2008-11-07,92.7200,95.6700,92.3500,94.2600,55.1815,6848900,0.3700
2008-10-31,97.7700,98.2100,92.6500,92.8300,54.1283,8393900,0.0000
2008-10-24,93.4400,99.0500,93.3600,96.7300,56.4023,6757700,0.0000
2008-10-17,95.1100,95.9500,93.0200,93.8700,54.7347,7836600,0.0000
2008-10-10,98.7400,99.9400,95.5100,95.9500,55.9475,12249900,0.0000
2008-10-03,95.1700,97.9300,94.6000,97.4000,56.7930,10760700,0.2900
2008-09-26,92.9300,94.7900,92.6000,94.5000,54.9357,11851200,0.0000
2008-09-19,96.2800,100.8600,93.7000,93.9700,54.6276,28303100,0.0000
2008-09-12,94.9000,96.8800,94.5600,94.9400,55.1915,19454500,0.0000
2008-09-05,92.9800,96.3100,92.8400,95.4800,55.5054,12238600,0.3400
2008-08-29,94.1200,94.4100,93.4400,93.8400,54.3562,8480100,0.0000
2008-08-22,93.0800,93.7100,92.6400,93.0800,53.9160,9963900,0.0000
2008-08-15,91.7800,93.2000,90.5980,93.0400,53.8928,11764900,0.0000
2008-08-08,91.0900,92.0800,89.8200,92.0000,53.2904,11161600,0.0000
2008-08-01,90.9500,92.0500,90.0300,91.5400,53.0239,9996000,0.3325
2008-07-25,90.5900,91.2500,89.7520,90.1400,52.0240,15582900,0.0000
2008-07-18,92.3800,93.4300,90.3000,90.4500,52.2030,21487800,0.0000
2008-07-11,92.0700,93.7600,91.5800,92.1600,53.1899,15476600,0.0000
2008-07-03,92.3100,92.8192,91.5400,92.0700,53.1379,11366900,0.3317
2008-06-27,90.0800,92.4400,89.8100,92.3200,53.0903,16161200,0.0000
2008-06-20,89.1100,90.0700,88.5900,89.8100,51.6469,12340400,0.0000
2008-06-13,90.4500,91.3900,88.6790,88.8700,51.1064,12409400,0.0000
2008-06-06,89.9800,91.4100,89.4500,90.7600,52.1932,14834100,0.3266
2008-05-30,91.3800,91.5600,89.1400,90.2800,51.7301,11053500,0.0000
2008-05-23,92.0800,92.6700,90.8400,91.7700,52.5839,9234200,0.0000
2008-05-16,92.7600,93.1600,90.7200,91.8400,52.6240,10738500,0.0000
2008-05-09,91.8600,92.8700,90.6200,92.5000,53.0021,14116800,0.0000
2008-05-02,91.5300,93.6500,91.4100,91.6100,52.4922,11937800,0.3364
2008-04-25,92.4100,93.6700,91.5000,91.8200,52.4224,10782200,0.0000
2008-04-18,95.3400,95.7000,91.8200,92.7700,52.9648,14927700,0.0000
2008-04-11,94.6200,95.9200,93.9000,95.6700,54.6205,10254800,0.0000
2008-04-04,96.1100,96.3200,93.7800,95.2000,54.3522,14746600,0.4061
2008-03-28,96.4800,96.4800,94.5400,95.5500,54.3171,13437600,0.0000
2008-03-20,95.5900,97.7500,94.9500,97.1810,55.2443,16463900,0.0000
2008-03-14,92.7100,95.8100,92.2100,95.0000,54.0045,23579400,0.0000
2008-03-07,93.6000,94.2000,91.5000,92.2300,52.4298,14253100,0.3479
2008-02-29,91.9300,94.4600,90.6100,94.2300,53.3685,15807100,0.0000
2008-02-22,91.1300,92.8500,90.5600,92.0200,52.1168,11618600,0.0000
2008-02-15,94.2000,94.7000,90.6600,91.8800,52.0375,20748200,0.0000
2008-02-08,94.3500,95.6100,92.0500,93.7000,53.0683,13916500,0.0000
2008-02-01,95.6500,96.0000,93.5900,95.2300,53.9348,23806400,0.3288
2008-01-25,96.3100,98.1600,94.1300,95.9500,54.1556,23107900,0.0000
2008-01-18,94.1900,96.2899,94.0000,95.4900,53.8960,11463800,0.0000
2008-01-11,94.0800,95.3000,93.3100,94.2000,53.1679,9678500,0.0000
2008-01-04,92.7500,94.7900,92.6000,94.2700,53.2074,8284100,0.0000
2007-12-28,91.2100,92.5800,90.2800,92.4800,52.1971,3661400,0.3617
2007-12-21,91.0700,93.8700,90.9300,91.6700,51.5352,9142700,0.0000
2007-12-14,91.6400,93.2300,90.5000,90.6100,50.9393,9937300,0.0000
2007-12-07,94.8100,95.1000,91.3800,91.7500,51.5802,9301100,0.3759
2007-11-30,94.2400,96.3600,93.7401,94.3800,52.8490,13162000,0.0000
2007-11-23,92.5400,93.8000,92.4100,93.7300,52.4851,4446900,0.0000
2007-11-16,91.7000,92.7000,90.9200,92.4100,51.7459,4908300,0.0000
2007-11-09,91.1600,91.5900,90.3200,91.3300,51.1412,6120200,0.0000
2007-11-02,90.5200,91.5400,89.7501,91.0400,50.9788,9310200,0.3938
2007-10-26,90.5700,91.3900,90.0700,90.5000,50.4575,10171100,0.0000
2007-10-19,87.4900,90.6000,87.4000,90.4600,50.4352,7721700,0.0000
2007-10-12,88.0000,88.5000,87.4500,87.6300,48.8573,4703900,0.0000
2007-10-05,88.5500,89.4300,87.7100,88.2800,49.2197,6765200,0.3448
2007-09-28,88.0300,89.3300,87.4300,88.7200,49.2739,10161100,0.0000
2007-09-21,89.8200,90.3900,87.1000,87.8900,48.8129,16393700,0.0000
2007-09-14,90.5000,91.2700,89.5800,90.0300,50.0015,14256700,0.0000
2007-09-07,88.8300,90.5000,88.2000,90.3000,50.1514,6823100,0.3618
2007-08-31,88.2800,89.2000,88.1500,88.8800,49.1619,10141000,0.0000
2007-08-24,86.9600,88.0800,86.8100,87.8500,48.5922,6937100,0.0000
2007-08-17,85.9200,87.6000,85.9000,86.7500,47.9838,8253600,0.0000
2007-08-10,87.7000,87.7200,85.7200,86.0800,47.6132,13776100,0.0000
2007-08-03,87.1900,87.9300,86.9100,87.9300,48.6365,10083200,0.3405
2007-07-27,85.6900,87.5600,85.6900,87.2600,48.0780,11244800,0.0000
2007-07-20,84.5200,86.0800,84.5000,85.9600,47.3617,6003900,0.0000
2007-07-13,83.8700,85.2000,83.6800,84.2600,46.4251,6911800,0.0000
2007-07-06,84.8400,85.3700,83.2800,83.4800,45.9953,10223800,0.3257
2007-06-29,84.1500,85.3000,83.9600,85.1700,46.7479,15195300,0.0000
2007-06-22,83.6300,84.4500,82.2400,83.7600,45.9740,28325700,0.0000
2007-06-15,83.4900,83.8900,82.2000,83.6900,45.9356,29050800,0.0000
2007-06-08,85.8300,86.0200,83.3600,83.8000,45.9960,13470300,0.0000
2007-06-01,86.5100,86.8400,85.5400,85.5900,46.9785,5087900,0.3376
2007-05-25,86.9300,87.2400,85.9600,86.3700,47.2204,5008900,0.0000
2007-05-18,88.2300,88.2800,86.8800,86.9300,47.5265,2550600,0.0000
2007-05-11,88.7000,89.0100,88.1325,88.1900,48.2154,3091400,0.0000
2007-05-04,88.3300,88.7500,88.0100,88.6000,48.4395,2105800,0.3240
2007-04-27,88.1400,88.8200,87.7800,87.8300,47.8434,4346400,0.0000
2007-04-20,87.4000,88.7100,87.4000,88.1500,48.0177,4509000,0.0000
2007-04-13,87.2800,87.5800,87.0100,87.1200,47.4566,3487400,0.0000
2007-04-05,88.1100,88.3400,87.7100,87.7500,47.7998,2209900,0.3260
2007-03-30,88.6200,89.2700,88.2200,88.2800,47.9112,5038400,0.0000
2007-03-23,89.5800,90.0900,88.6900,88.7900,48.1880,6139700,0.0000
2007-03-16,89.7300,90.5400,89.6500,89.8500,48.7633,3865000,0.0000
2007-03-09,90.4900,90.5000,89.1900,89.4000,48.5190,5367400,0.0000
2007-03-02,89.2000,91.2600,89.1100,90.1600,48.9315,9752200,0.3426
2007-02-23,88.5000,88.9400,88.0899,88.8400,48.0317,2448100,0.0000
2007-02-16,87.4900,88.7200,87.2000,88.6400,47.9236,6411200,0.0000
2007-02-09,87.4000,88.3100,87.1600,87.6300,47.3775,3860700,0.0000
2007-02-02,87.0600,87.7600,86.6000,87.2000,47.1451,6189300,0.3553
2007-01-26,88.1500,88.3300,86.6100,86.9100,46.7974,4966300,0.0000
2007-01-19,88.2300,88.2800,87.7800,87.9900,47.3789,3227800,0.0000
2007-01-12,89.1200,89.4800,87.9000,88.0400,47.4058,3555100,0.0000
2007-01-05,89.2200,89.6500,88.6600,89.2200,48.0412,4865800,0.0000
2006-12-29,89.4500,89.6900,88.0600,88.4300,47.6158,3192600,0.3026
2006-12-22,89.7200,90.1900,89.2100,89.3900,47.9691,3912800,0.0000
2006-12-15,90.6300,90.9700,89.6000,89.7300,48.1515,4598100,0.0000
2006-12-08,91.3000,91.6200,90.1900,90.2400,48.4252,6060000,0.0000
2006-12-01,90.2300,91.8000,90.1200,91.4200,49.0584,6041800,0.3421
2006-11-24,90.0000,90.9000,89.8600,90.6200,48.4478,2766000,0.0000
2006-11-17,89.8400,90.3900,89.2800,89.9500,48.0896,6428400,0.0000
2006-11-10,88.4700,90.0401,88.3500,89.8600,48.0415,3227900,0.0000
2006-11-03,88.8900,90.1200,88.3000,88.4200,47.2717,5693300,0.3454
2006-10-27,87.1500,89.0500,86.8800,88.8700,47.3305,5162200,0.0000
2006-10-20,87.4000,88.0500,87.3600,87.5500,46.6275,3206000,0.0000
2006-10-13,88.1000,88.6000,87.1100,87.1600,46.4198,5755700,0.0000
2006-10-06,89.1000,89.8500,88.2200,88.2700,47.0109,6936300,0.3537
2006-09-29,89.8400,90.3100,89.0900,89.4100,47.4302,9167800,0.0000
2006-09-22,86.9700,89.7000,86.9700,89.6100,47.5363,6055600,0.0000
2006-09-15,87.4900,88.0300,86.9500,87.4600,46.3958,3895400,0.0000
2006-09-08,87.5900,87.6400,86.7200,87.3300,46.3268,6381100,0.0000
2006-09-01,87.4100,88.2000,86.9800,87.7600,46.5549,5274200,0.3502
2006-08-25,86.8900,87.5900,86.8600,87.4400,46.2008,4003100,0.0000
2006-08-18,85.3500,86.9100,85.1900,86.7700,45.8468,4568000,0.0000
2006-08-11,86.3300,86.5700,85.3600,85.4000,45.1230,3334200,0.0000
2006-08-04,85.6200,86.4800,85.0400,86.3200,45.6091,3176800,0.3421
2006-07-28,85.4100,85.8900,84.8701,85.7000,45.1010,3124500,0.0000
2006-07-21,85.0400,85.6700,84.2400,85.3300,44.9062,4374800,0.0000
2006-07-14,84.0900,85.1600,84.0500,85.0400,44.7536,4236500,0.0000
2006-07-07,83.8400,84.4600,82.9500,84.2900,44.3589,3814300,0.3267
2006-06-30,83.4200,84.4000,83.1200,84.3200,44.2026,4164800,0.0000
2006-06-23,84.1500,84.2900,83.3500,83.4200,43.7308,3742100,0.0000
2006-06-16,85.6200,85.9400,84.1800,84.3100,44.1974,6335300,0.0000
2006-06-09,84.8100,85.8200,84.5100,85.7200,44.9365,8768900,0.0000
2006-06-02,84.1900,84.8900,83.3500,84.7900,44.4490,4965900,0.3322
2006-05-26,84.8600,85.1500,84.0300,84.2100,43.9704,6349600,0.0000
2006-05-19,82.6500,84.8600,82.6500,84.4300,44.0853,9349100,0.0000
2006-05-12,83.5900,84.0200,82.5500,82.6500,43.1559,5322400,0.0000
2006-05-05,83.6600,84.0800,82.9400,83.6000,43.6519,6671100,0.3297
2006-04-28,84.9900,85.3900,83.6500,83.8300,43.5992,7277400,0.0000
2006-04-21,84.5400,85.2700,84.0600,84.8000,44.1037,8657200,0.0000
2006-04-13,85.2500,85.7300,84.2700,84.4400,43.9165,7885800,0.0000
2006-04-07,86.2400,86.9000,84.9000,85.1000,44.2597,6916000,0.3284
2006-03-31,89.0500,89.0500,86.5000,86.5400,44.8386,4953400,0.0000
2006-03-24,89.2300,89.2900,88.3400,89.0900,46.1598,3166900,0.0000
2006-03-17,88.0900,89.3300,88.0100,88.8500,46.0355,5367000,0.0000
2006-03-10,88.9800,88.9900,88.0100,88.2800,45.7401,5119300,0.0000
2006-03-03,91.3500,91.4400,89.2300,89.3300,46.2842,4797300,0.3197
2006-02-24,90.9000,91.4500,90.7800,91.0500,47.0092,1766300,0.0000
2006-02-17,90.2400,91.0700,89.7200,90.9500,46.9576,2934300,0.0000
2006-02-10,90.9800,91.3800,90.0600,90.3000,46.6220,3354500,0.0000
2006-02-03,90.3000,91.0000,89.8200,90.8500,46.9060,3790000,0.3205
2006-01-27,91.8000,92.5000,90.0500,90.5100,46.5646,4080900,0.0000
2006-01-20,92.0000,92.7685,91.9300,92.3800,47.5267,2409600,0.0000
2006-01-13,91.7000,92.3000,90.7500,92.0300,47.3466,2624700,0.0000
2006-01-06,91.5900,92.2500,91.4200,91.7200,47.1872,3427400,0.0000
2005-12-30,91.9700,92.5900,91.6900,91.9000,47.2798,3655300,0.3825
2005-12-23,90.6000,92.0401,90.2900,91.8000,47.0326,3887400,0.0000
2005-12-16,89.7500,90.9299,89.1400,90.7000,46.4690,3083000,0.0000
2005-12-09,89.3500,90.3600,88.8500,89.5400,45.8747,3580100,0.0000
2005-12-02,90.5200,91.1400,89.1500,89.5000,45.8542,5376400,0.3901
2005-11-25,90.3400,90.6900,89.8600,90.5100,46.1703,2720000,0.0000
2005-11-18,89.3800,90.9000,88.6200,90.1400,45.9816,5629500,0.0000
2005-11-11,88.5000,89.7000,88.3500,89.4900,45.6500,5547600,0.0000
2005-11-04,89.7700,90.0400,87.8600,88.1200,44.9511,4827500,0.3965
2005-10-28,91.3200,91.4100,89.1200,89.6100,45.5091,6415600,0.0000
2005-10-21,90.4200,91.4700,90.1200,91.4300,46.4334,4904300,0.0000
2005-10-14,91.8500,91.9700,89.8200,90.2300,45.8240,4363700,0.0000
2005-10-07,91.7900,92.2000,90.9600,91.8400,46.6416,5047700,0.3618
2005-09-30,92.1100,93.0200,91.9400,92.2000,46.6393,4270400,0.0000
2005-09-23,92.1800,93.4500,91.8800,92.6100,46.8467,5146400,0.0000
2005-09-16,93.6600,94.1200,91.8800,92.1000,46.5887,6085400,0.0000
2005-09-09,95.0100,95.1700,93.3600,94.0000,47.5498,2854900,0.0000
2005-09-02,94.8300,96.0000,94.5000,95.1600,48.1366,5774000,0.3342
2005-08-26,93.5400,94.8800,93.2000,94.4700,47.6202,3776300,0.0000
2005-08-19,93.2600,93.9000,92.9800,93.7800,47.2723,4816600,0.0000
2005-08-12,91.6800,93.4400,91.2800,93.3100,47.0354,5867400,0.0000
2005-08-05,92.5000,92.7900,91.5540,91.6600,46.2037,5511200,0.3451
2005-07-29,93.4000,94.1700,92.8500,93.1100,46.7600,3517300,0.0000
2005-07-22,93.8500,94.2400,92.6800,93.5500,46.9810,9755000,0.0000
2005-07-15,94.1100,94.6500,93.5000,93.9700,47.1919,4551300,0.0000
2005-07-08,94.3500,95.5500,94.2700,94.6300,47.5233,4867500,0.0000
2005-07-01,96.4900,96.8100,94.9900,95.2000,47.8096,8250500,0.3316
2005-06-24,93.8200,96.4500,93.6000,96.3900,48.2392,3832600,0.0000
2005-06-17,94.4800,94.5300,93.3300,94.3300,47.2083,7524200,0.0000
2005-06-10,95.5000,96.5800,94.8600,94.8900,47.4885,5941700,0.0000
2005-06-03,94.2200,97.0000,94.2200,95.2500,47.6687,13063700,0.3492
2005-05-27,93.6000,94.6500,93.5400,93.8400,46.7925,6153200,0.0000
2005-05-20,93.0400,93.8000,92.6800,93.4400,46.5930,4529000,0.0000
2005-05-13,91.0100,93.0200,91.0000,92.8000,46.2739,4237100,0.0000
2005-05-06,92.1500,92.5400,90.8100,91.0600,45.4063,8063100,0.3300
2005-04-29,91.6600,92.9400,91.3400,92.4400,45.9298,4559600,0.0000
2005-04-22,91.3700,92.0400,90.7000,91.4700,45.4478,9027100,0.0000
2005-04-15,88.9700,91.1200,88.9400,91.0900,45.2590,8662500,0.0000
2005-04-08,89.2800,89.6600,88.3400,88.9500,44.1958,3302500,0.0000
2005-04-01,87.9900,89.6600,87.7200,89.3000,44.3697,7829000,0.3300
2005-03-24,88.6700,89.0500,87.5300,88.2700,43.6964,6136500,0.0000
2005-03-18,88.3700,89.5800,88.3000,88.6700,43.8944,5614700,0.0000
2005-03-11,90.8500,90.9900,88.3900,88.4300,43.7756,6495400,0.0000
2005-03-04,91.1000,91.1000,89.4200,90.5100,44.8053,8752700,0.2823
2005-02-25,90.6300,91.3300,90.4000,91.0000,44.9065,3416900,0.0000
2005-02-18,92.9000,93.2100,90.4600,90.8600,44.8375,6187100,0.0000
2005-02-11,92.7400,94.2400,92.4000,92.7900,45.7899,7089400,0.0000
2005-02-04,91.3300,92.9400,91.0500,92.6500,45.7208,7012100,0.3446
2005-01-28,91.0900,91.6000,90.3400,91.4500,44.9588,4805300,0.0000
2005-01-21,89.8000,91.0500,89.7300,91.0100,44.7424,3577900,0.0000
2005-01-14,88.6400,90.4000,88.4700,90.1700,44.3295,4866000,0.0000
2005-01-07,88.1800,88.8700,87.8100,88.5400,43.5281,5993600,0.0000
2004-12-31,88.3300,88.6500,87.4000,88.5500,43.5331,4826400,0.3351
2004-12-23,88.8700,89.2400,88.5700,88.5900,43.3885,1725900,0.0000
2004-12-17,88.8200,90.2500,88.4250,88.7500,43.4669,8075100,0.0000
2004-12-10,87.4900,89.2700,87.4500,88.8500,43.5159,7612000,0.0000
2004-12-03,87.4700,87.6600,86.0100,87.4400,42.8253,10905900,0.3546
2004-11-26,88.3500,89.2000,88.2300,88.2500,43.0454,2264600,0.0000
2004-11-19,87.9500,89.0600,87.7000,88.2600,43.0503,4669500,0.0000
2004-11-12,87.5000,88.1100,86.9100,87.8700,42.8601,3566100,0.0000
2004-11-05,88.7500,89.1000,87.5200,87.8100,42.8308,6822500,0.3662
2004-10-29,90.0700,90.0900,88.5200,89.4400,43.4462,5110800,0.0000
2004-10-22,88.6500,89.9000,88.2700,89.8200,43.6307,4386800,0.0000
2004-10-15,87.9500,89.0100,87.7300,88.6700,43.0721,2930200,0.0000
2004-10-08,87.0000,88.2100,86.7400,87.9500,42.7224,5802300,0.0000
2004-10-01,89.6000,89.9500,87.2900,87.4500,42.4795,8497600,0.3607
2004-09-24,88.2600,89.8800,88.1015,89.4300,43.2629,8662200,0.0000
2004-09-17,87.2000,88.4800,87.1200,87.9200,42.5324,3359900,0.0000
2004-09-10,86.2400,87.5800,86.1800,87.1000,42.1357,2056800,0.0000
2004-09-03,87.0000,88.0000,86.0000,86.6600,41.9228,5194200,0.3501
2004-08-27,86.1100,87.0300,85.7700,86.8200,41.8329,3422000,0.0000
2004-08-20,86.4700,87.0600,86.0215,86.5400,41.6980,2525000,0.0000
2004-08-13,86.1500,86.9000,85.7300,86.6400,41.7461,3415600,0.0000
2004-08-06,84.5000,86.8600,84.3200,86.4200,41.6401,3569600,0.3299
2004-07-30,84.8400,84.8400,83.0400,84.5900,40.5996,3266400,0.0000
2004-07-23,85.4100,85.5700,84.1900,84.9500,40.7724,3096500,0.0000
2004-07-16,84.6100,85.5000,83.9500,85.4900,41.0316,5379600,0.0000
2004-07-09,84.5700,84.5900,84.0900,84.3800,40.4988,3523200,0.0000
2004-07-02,82.7800,84.6900,82.1700,84.3500,40.4844,5098000,0.3360
2004-06-25,82.6300,83.3400,82.1800,83.1300,39.7389,2738600,0.0000
2004-06-18,81.2000,82.8500,80.7600,82.5800,39.4760,3901600,0.0000
2004-06-10,81.4200,81.6800,81.0000,81.4800,38.9502,2597000,0.0000
2004-06-04,82.3700,82.4000,81.4400,81.5000,38.9597,3310400,0.3215
2004-05-28,81.9300,83.5000,81.6800,83.1000,39.5695,3201100,0.0000
2004-05-21,81.8700,82.3800,81.1500,81.7400,38.9219,5936800,0.0000
2004-05-14,81.4800,81.6100,80.5100,81.3100,38.7171,8943800,0.0000
2004-05-07,83.1000,83.9000,81.1000,81.3200,38.7219,11775900,0.3251
2004-04-30,84.0900,84.5500,83.0100,83.6400,39.6720,6101300,0.0000
2004-04-23,84.8500,84.9100,83.6100,84.0400,39.8617,5051900,0.0000
2004-04-16,85.8100,85.8700,83.9800,84.5600,40.1084,6462100,0.0000
2004-04-08,86.3200,86.8000,85.9100,86.0500,40.8151,4671400,0.0000
2004-04-02,89.0500,89.6300,86.4100,86.7100,41.1282,9035200,0.3480
2004-03-26,90.5900,91.2300,89.6000,89.7800,42.4183,3729400,0.0000
2004-03-19,90.4200,91.4800,90.0500,90.4300,42.7254,6275700,0.0000
2004-03-12,90.0600,91.0500,90.0000,90.2800,42.6545,4796500,0.0000
2004-03-05,88.4600,90.0000,87.1100,89.6400,42.3521,5377300,0.3556
2004-02-27,87.3900,88.7800,87.3200,88.6600,41.7211,3252300,0.0000
2004-02-20,87.8600,88.1800,87.2000,87.3400,41.0999,3313700,0.0000
2004-02-13,87.5600,88.2000,86.9100,87.8000,41.3164,2581000,0.0000
2004-02-06,86.4500,87.4500,86.2400,87.3800,41.1187,3101800,0.3581
2004-01-30,87.3000,87.8500,85.8600,87.0400,40.7899,4380100,0.0000
2004-01-23,87.5000,88.9000,87.2600,87.3800,40.9492,2665000,0.0000
2004-01-16,86.6000,88.8000,86.5600,87.6100,41.0570,4798200,0.0000
2004-01-09,84.0100,87.0700,83.9000,86.9500,40.7477,3705200,0.0000
2004-01-02,86.7000,86.7700,84.0800,84.4400,39.5714,1620200,0.3997
2003-12-26,87.1200,87.3400,85.8500,86.9800,40.5720,1149700,0.0000
2003-12-19,85.5000,87.1000,85.1800,87.0700,40.6139,2871600,0.0000
2003-12-12,85.7800,85.8800,84.3600,85.5100,39.8863,2994700,0.0000
2003-12-05,84.4000,86.2300,83.8000,85.8000,40.0216,4867100,0.4178
2003-11-28,86.1800,86.5200,85.1300,85.1300,39.5131,1797600,0.0000
2003-11-21,86.1400,86.9300,85.5600,86.5000,40.1489,2771300,0.0000
2003-11-14,83.6000,85.9600,83.2000,85.9200,39.8797,2380400,0.0000
2003-11-07,84.5600,84.9700,83.0500,83.5000,38.7565,3066600,0.3480
2003-10-31,85.1500,85.6900,83.7400,85.1900,39.3786,5297500,0.0000
2003-10-24,83.4500,85.6000,83.4200,85.2700,39.4156,3977100,0.0000
2003-10-17,84.3500,84.5000,82.7500,83.5400,38.6159,1838400,0.0000
2003-10-10,85.1200,85.7900,83.6500,84.5500,39.0828,3555400,0.0000
2003-10-03,87.0200,88.2500,85.1000,85.2900,39.4248,5944100,0.3669
2003-09-26,85.0000,87.4900,84.2300,87.4800,40.2683,5480300,0.0000
2003-09-19,84.5000,86.0300,83.9000,85.6300,39.4168,3730500,0.0000
2003-09-12,83.6300,85.3800,82.9160,84.6800,38.9795,4741700,0.0000
2003-09-05,83.6300,84.0900,81.8800,84.0700,38.6987,2909500,0.3720
2003-08-29,83.3200,83.9900,82.2500,83.6500,38.3316,3102800,0.0000
2003-08-22,82.3000,83.8700,82.0100,83.3700,38.2033,3442200,0.0000
2003-08-15,83.5500,83.6500,80.9100,82.0000,37.5755,7274700,0.0000
2003-08-08,82.4800,84.7900,81.8000,83.6600,38.3362,11016900,0.0000
2003-08-01,85.2400,85.3500,81.9800,82.5100,37.8092,13138800,0.3780
2003-07-25,87.5000,87.6000,85.4000,85.5600,39.0280,6193800,0.0000
2003-07-18,90.6800,90.8700,87.1500,87.7000,40.0042,6423800,0.0000
2003-07-11,90.2800,90.7900,89.6300,90.7900,41.4137,2232900,0.0000
2003-07-03,91.9200,92.5200,90.6000,90.6000,41.3270,1888800,0.3529
2003-06-27,93.8190,95.4900,91.5500,92.0700,41.8365,4275300,0.0000
2003-06-20,97.5000,97.6600,93.0300,93.7500,42.5999,3517900,0.0000
2003-06-13,94.7000,97.2800,94.2700,97.1800,44.1585,2244400,0.0000
2003-06-06,93.8800,95.3800,93.0900,94.1400,42.7771,2359800,0.3984
2003-05-30,95.6200,95.7100,93.3100,94.6000,42.8038,2807400,0.0000
2003-05-23,94.1100,96.2100,93.1200,95.8500,43.3694,4490800,0.0000
2003-05-16,91.1400,93.7600,90.7300,93.7200,42.4056,3533200,0.0000
2003-05-09,88.5400,90.9000,88.2000,90.5800,40.9848,1192600,0.0000
2003-05-02,89.0900,89.6000,88.2700,88.3200,39.9623,1014100,0.4730
2003-04-25,87.4800,89.1000,87.2600,88.9200,40.0211,1219300,0.0000
2003-04-17,87.1000,88.4000,86.7100,87.9900,39.6025,539500,0.0000
2003-04-11,86.2200,87.8600,85.9200,87.2600,39.2740,1285800,0.0000
2003-04-04,88.3000,88.9300,86.8800,87.0500,39.1794,1676300,0.3779
2003-03-28,87.1000,88.0800,86.8500,87.7500,39.3261,1734700,0.0000
2003-03-21,90.5200,90.5200,86.0500,86.0500,38.5643,2588100,0.0000
2003-03-14,90.8100,91.3600,89.5200,89.9600,40.3166,2105900,0.0000
2003-03-07,90.0000,90.7900,89.9100,90.5600,40.5855,843000,0.3403
2003-02-28,88.8800,90.5400,88.6200,90.4700,40.3928,1769500,0.0000
2003-02-21,87.5600,88.9000,87.3400,88.3000,39.4239,1012400,0.0000
2003-02-14,88.1200,89.1800,87.4300,87.8100,39.2052,1726900,0.0000
2003-02-07,87.6700,88.7000,87.3100,88.4200,39.4775,703500,0.3076
2003-01-31,87.9000,88.2100,87.1000,88.0600,39.1797,1117500,0.0000
2003-01-24,86.8800,88.4400,86.8000,87.9700,39.1396,610600,0.0000
2003-01-17,85.5400,87.2400,85.4000,86.9500,38.6858,437400,0.0000
2003-01-10,86.1700,87.1400,85.0200,85.5400,38.0585,648200,0.0000
2003-01-03,88.9000,89.3300,85.8300,86.4800,38.4767,887600,0.4463
2002-12-27,87.3600,89.0300,86.2500,89.0300,39.4126,274500,0.0000
2002-12-20,86.9000,87.5600,85.6800,87.3800,38.6822,773600,0.0000
2002-12-13,86.2000,87.6500,86.1700,86.5300,38.3059,1277300,0.0000
2002-12-06,84.3600,87.0900,84.1500,86.1700,38.1465,1174600,0.3895
2002-11-29,86.0000,87.0200,84.9600,85.5500,37.6998,1023300,0.0000
2002-11-22,87.0200,88.2300,85.8600,86.0400,37.9157,899400,0.0000
2002-11-15,88.5500,89.1500,86.2600,87.1100,38.3873,897700,0.0000
2002-11-08,85.4800,88.6500,84.9100,88.4400,38.9734,977400,0.0000
2002-11-01,85.5600,86.9300,85.2000,85.9800,37.8893,892500,0.3888
2002-10-25,85.5000,85.6000,84.0800,85.3800,37.4555,953400,0.0000
2002-10-18,88.5000,88.5500,84.2800,85.3700,37.4511,1133100,0.0000
2002-10-11,89.9000,90.5200,88.0600,88.3800,38.7716,1886500,0.0000
2002-10-04,90.6600,90.9000,88.4000,89.5100,39.2673,807200,0.3427
2002-09-27,90.0000,90.9400,88.6100,90.0400,39.3482,1269500,0.0000
2002-09-20,89.2000,89.7700,88.3600,89.3000,39.0248,568400,0.0000
2002-09-13,87.5000,88.9400,86.7500,88.7800,38.7976,796000,0.0000
2002-09-06,87.0800,88.6500,87.0000,87.4600,38.2207,956800,0.3726
2002-08-30,85.7000,87.1300,85.2000,87.0800,37.8943,557600,0.0000
2002-08-23,85.0500,86.2900,84.7100,85.9000,37.3808,182600,0.0000
2002-08-16,85.3000,87.9000,84.8200,85.0600,37.0153,409600,0.0000
2002-08-09,84.0400,84.8800,83.2200,84.8800,36.9369,243100,0.0000
2002-08-02,82.0600,84.1000,81.3200,83.8500,36.4887,121700,0.0000
